emission rate,date,"Latitude, Longitude"
1871.070686,2017-12-12 6:42:49,"(36.59393568979883, 61.59239164750596)"
5156.945118,2017-12-12 6:42:49,"(36.592465149553256, 61.6208120837499)"
11148.99785,2017-12-17 6:43:01,"(36.593193568579416, 61.590616534259006)"
1437.897249,2018-10-03 6:37:11,"(36.59212001964622, 61.591306773597836)"
4987.198851,2020-10-12 6:38:21,"(36.635715181057556, 61.65068816611978)"
6082.912163,2017-11-01 7:10:19,"(39.495527081000205, 53.63774343215063)"
10801.54613,2017-11-06 7:11:01,"(39.497570573927646, 53.63503000793905)"
3791.064191,2017-11-11 7:11:19,"(39.4970252420085, 53.63524196136955)"
5192.025188,2017-11-14 7:21:29,"(39.498142246182, 53.633656240010936)"
15411.23224,2017-11-16 7:13:01,"(39.5002656133202, 53.63536441047136)"
8089.181676,2017-11-16 7:13:01,"(39.456864327901386, 53.61048358393355)"
41045.27206,2017-11-19 7:22:01,"(39.499089735984306, 53.63159894129077)"
5857.722918,2018-01-23 7:21:59,"(39.45595376742807, 53.610914393928425)"
3831.497657,2018-04-20 7:06:19,"(39.45571632845651, 53.61346214391217)"
5576.40344,2018-04-25 7:07:31,"(39.45596420029141, 53.610449941120855)"
9066.922505,2018-05-18 7:16:21,"(39.4544926932206, 53.61178944480665)"
4285.822308,2018-05-20 7:06:19,"(39.45686954380431, 53.610251354454654)"
2622.696268,2018-05-23 7:18:09,"(39.45524931368977, 53.61019080385022)"
4669.517438,2018-05-25 7:06:21,"(39.45541890754626, 53.610661980800685)"
14926.88123,2018-06-22 7:16:19,"(39.4550379877157, 53.61157741646083)"
2492.872779,2018-06-24 7:06:21,"(39.45505885648349, 53.61064852326635)"
2193.704712,2018-06-27 7:16:21,"(39.45431788604262, 53.611550492566515)"
1840.203959,2018-06-29 7:06:19,"(39.454889262481146, 53.610177348824095)"
9823.02018,2018-07-04 7:07:31,"(39.45557806390172, 53.611597610015465)"
5687.489435,2018-07-07 7:16:21,"(39.453190754506245, 53.61360006097539)"
4813.741342,2018-07-09 7:06:19,"(39.45483708626258, 53.61249957523777)"
5417.382144,2018-07-22 7:16:19,"(39.496617752285324, 53.63731956964386)"
49377.5749,2018-12-01 7:12:41,"(39.490936639051824, 53.657335469594024)"
10559.64513,2018-12-26 7:13:09,"(39.467777410815884, 53.6615678402116)"
9392.277357,2019-05-18 7:16:29,"(39.49678722343811, 53.63779109152915)"
14398.49679,2019-06-17 7:16:29,"(39.496983067029376, 53.63710082674697)"
21489.62085,2019-06-19 7:06:31,"(39.496427182774426, 53.63777747425847)"
6941.001429,2019-06-27 7:16:29,"(39.49647463915515, 53.635686268230316)"
15527.30724,2019-07-02 7:16:21,"(39.49559094169761, 53.64286200394505)"
4401.722978,2019-07-12 7:16:21,"(39.49582378933079, 53.64054529428872)"
14694.14147,2019-07-19 7:06:31,"(39.49567016581931, 53.63937671386215)"
8609.64509,2019-07-22 7:16:21,"(39.49573874232417, 53.636356118000535)"
10444.42512,2019-07-24 7:06:29,"(39.49686693279517, 53.64221268637579)"
8453.806521,2019-07-29 7:06:31,"(39.49572819719381, 53.63682082572793)"
6591.857009,2019-08-06 7:16:29,"(39.496988340524936, 53.63686846878846)"
13443.53535,2019-08-13 7:06:29,"(39.49319736351916, 53.637190239320745)"
8335.069796,2019-08-16 7:16:29,"(39.497353654516424, 53.63664972242525)"
12071.67753,2019-08-21 7:16:21,"(39.497639040241815, 53.632009319254344)"
5618.989879,2019-08-23 7:06:29,"(39.49789371590664, 53.636670140367684)"
10240.21741,2019-08-26 7:16:19,"(39.49699361355675, 53.63663611076889)"
5845.381311,2019-08-28 7:06:21,"(39.49605659125499, 53.63822856661889)"
20392.84361,2019-09-17 7:06:21,"(39.49586601834989, 53.6386864649476)"
8475.108117,2019-09-20 7:16:21,"(39.49731145673982, 53.63850859444114)"
6630.683267,2019-09-25 7:16:29,"(39.49823793560951, 53.63738083907008)"
4494.226203,2019-10-02 7:07:19,"(39.46850338379474, 53.645555662336626)"
5767.202135,2019-10-07 7:07:51,"(39.497660942920355, 53.6389869356966)"
2395.237533,2019-10-07 7:07:51,"(39.46935587668096, 53.64768015117591)"
6118.053922,2019-10-12 7:08:29,"(39.49767677354882, 53.63828985592676)"
5430.149861,2019-10-15 7:18:49,"(39.49625243718541, 53.63753831033169)"
5907.056077,2019-10-17 7:09:01,"(39.49697251864695, 53.6375655424808)"
5953.392037,2019-10-17 7:09:01,"(39.46885284795237, 53.64603383164947)"
3174.126367,2019-10-22 7:09:29,"(39.4975231282578, 53.63712124791159)"
6870.764861,2019-10-22 7:09:29,"(39.463101201703445, 53.66906021286714)"
18628.22568,2019-11-26 7:12:31,"(39.45698394366019, 53.621179587102326)"
21825.32008,2020-01-28 7:21:41,"(39.499232904778246, 53.633232299093336)"
23500.84474,2020-03-05 7:07:51,"(39.45416963130971, 53.665697507345925)"
7218.589842,2020-03-25 7:06:21,"(39.49680832006878, 53.63686166245379)"
10343.8627,2020-03-28 7:16:11,"(39.497168360974534, 53.63687527518419)"
16263.01283,2020-03-30 7:06:19,"(39.49844959435529, 53.63599347008027)"
16017.66299,2020-05-19 7:06:19,"(39.49372200417687, 53.645814288002086)"
9832.233638,2020-05-22 7:16:19,"(39.49900019855629, 53.6355491539917)"
30526.16195,2020-05-24 7:06:31,"(39.49674500791629, 53.63964994674777)"
8259.545596,2020-05-27 7:16:21,"(39.46364125209279, 53.6690808564917)"
16760.51312,2020-05-29 7:06:19,"(39.4971261597562, 53.638734141926825)"
10189.5796,2020-06-01 7:16:19,"(39.4985504870543, 53.63948572194393)"
5432.351377,2020-06-03 7:06:31,"(39.49716308744542, 53.637107633740776)"
20110.22565,2020-06-06 7:16:21,"(39.49339370157327, 53.64440656427549)"
6334.534756,2020-06-08 7:06:29,"(39.49774005432294, 53.635501531350535)"
2334.52346,2020-07-03 7:06:31,"(39.46889514074595, 53.644175728378656)"
8011.617871,2020-07-06 7:16:21,"(39.46851924408549, 53.6448588772851)"
7089.274722,2020-07-08 7:06:29,"(39.500080321928564, 53.635589975778664)"
5969.217897,2020-07-18 7:06:19,"(39.468296920801556, 53.64671014470666)"
5319.007247,2020-07-28 7:06:29,"(39.455726771442066, 53.61299769362679)"
2688.805168,2020-07-31 7:16:19,"(39.494113284932915, 53.63652722630917)"
8811.675564,2020-08-27 7:06:29,"(39.49825275032707, 53.62877661550131)"
5622.726067,2020-08-30 7:16:19,"(39.49810009556532, 53.63551513751429)"
3352.564922,2020-09-04 7:16:21,"(39.49828538666051, 53.63528957811523)"
6330.619486,2020-09-14 7:16:21,"(39.496400801887056, 53.63893925324777)"
11517.01979,2020-09-16 7:06:19,"(39.49350992378852, 53.639294968067844)"
24376.60369,2020-09-19 7:16:19,"(39.49843905007401, 53.63645819599422)"
13288.0455,2020-09-21 7:06:31,"(39.495002842019076, 53.637025953845125)"
25890.18581,2020-09-26 7:06:39,"(39.49131261294448, 53.65665217922858)"
2691.893152,2017-07-29 7:06:21,"(38.558490633349955, 54.204226487430006)"
3625.438417,2018-05-25 7:06:21,"(38.570943688974104, 54.17505273474183)"
3978.887207,2018-06-04 7:06:21,"(38.568493947057625, 54.193051189963754)"
6572.119368,2019-04-05 7:06:29,"(38.55660264657679, 54.20062796936976)"
3178.201312,2019-04-10 7:06:21,"(38.557131747805215, 54.20014846635383)"
1250.519888,2019-04-25 7:06:29,"(38.55972340723737, 54.203031237865325)"
4744.20511,2019-04-30 7:06:31,"(38.55732823401908, 54.200829289882265)"
827.4116791,2019-05-10 7:06:31,"(38.55993527008125, 54.19682673445981)"
5010.3998,2019-05-25 7:06:29,"(38.557857335889025, 54.20034978314033)"
3336.877763,2019-05-30 7:06:21,"(38.55696818352971, 54.20084326403207)"
3800.516267,2019-06-04 7:06:29,"(38.55695721006669, 54.20038472468757)"
2049.380494,2019-06-14 7:06:29,"(38.55772119495369, 54.20219094870506)"
2297.513611,2019-06-19 7:06:31,"(38.55917784825262, 54.20282290714093)"
3425.316909,2019-06-24 7:06:29,"(38.55928107193227, 54.199606042621575)"
11323.82311,2019-06-29 7:06:31,"(38.558899062706445, 54.19870292155705)"
4201.67389,2019-06-29 7:06:31,"(38.55749179807048, 54.2001344886564)"
3685.350153,2019-07-04 7:06:29,"(38.55785184830924, 54.200120510709326)"
5206.46948,2019-07-09 7:06:31,"(38.55808124581171, 54.202176980901925)"
6359.725972,2019-07-19 7:06:31,"(38.5572194930292, 54.20381679622548)"
5719.503596,2019-07-24 7:06:29,"(38.55680461500154, 54.20153805878672)"
5750.636926,2019-07-29 7:06:31,"(38.55783538287969, 54.19943269379081)"
852.7570564,2019-08-13 7:06:29,"(38.55506911128554, 54.196786388604224)"
5050.717908,2019-08-18 7:06:21,"(38.55851155419015, 54.19757053634395)"
426.4687859,2019-08-18 7:06:21,"(38.557677310737816, 54.2003567715746)"
10117.67756,2019-08-23 7:06:29,"(38.55821189852152, 54.20010653251259)"
4007.055125,2019-09-02 7:06:29,"(38.55749728557996, 54.20036375994645)"
5272.179903,2019-10-02 7:07:19,"(38.55640615944828, 54.19994715319486)"
2384.402272,2019-10-07 7:07:51,"(38.55789573639318, 54.20195469190454)"
18362.08048,2019-10-12 7:08:29,"(38.55750825925385, 54.20082230271376)"
1321.310678,2019-10-17 7:09:01,"(38.55738195372522, 54.19554907596892)"
5903.880574,2019-10-22 7:09:29,"(38.55750277264109, 54.2005930312989)"
4960.892296,2019-10-27 7:10:01,"(38.5580538211882, 54.20103061402258)"
4170.891596,2019-11-01 7:10:29,"(38.555456625397035, 54.19791871618478)"
3899.694138,2020-01-25 7:11:51,"(38.55785184830924, 54.200120510709326)"
1374.776397,2020-03-30 7:06:19,"(38.558834243042924, 54.20352470055273)"
5196.743841,2020-04-14 7:06:21,"(38.556918788823, 54.19877983894786)"
3972.500921,2020-04-19 7:06:19,"(38.55888355616871, 54.20558818876864)"
2880.559279,2020-04-29 7:06:19,"(38.55781435363395, 54.20608858835719)"
9664.392039,2020-05-04 7:06:31,"(38.55875746154581, 54.200314840032874)"
5560.033817,2020-05-09 7:06:19,"(38.55835898809044, 54.19872389977662)"
2596.637986,2020-05-19 7:06:19,"(38.55722497329464, 54.20404606737249)"
1081.247288,2020-06-03 7:06:31,"(38.558299647117764, 54.20377491715074)"
3410.556604,2020-06-03 7:06:31,"(38.55640067125301, 54.199717885452394)"
2467.478066,2020-06-08 7:06:29,"(38.55749179807048, 54.2001344886564)"
2655.522097,2020-06-13 7:06:31,"(38.557148208777704, 54.20083627698837)"
1844.496295,2020-06-23 7:06:31,"(38.557443348577216, 54.20564399202019)"
4801.74843,2020-07-03 7:06:31,"(38.55891004322004, 54.199161472578346)"
2387.853843,2020-07-08 7:06:29,"(38.55871354694686, 54.19848063951289)"
5300.331633,2020-07-18 7:06:19,"(38.55681009968031, 54.20176732816926)"
2410.294869,2020-07-28 7:06:29,"(38.5577047417355, 54.20150313181324)"
2399.698853,2020-08-02 7:06:31,"(38.555767229814826, 54.195841341228444)"
6428.596663,2020-08-12 7:06:31,"(38.55898685659606, 54.20237133671816)"
5568.524223,2020-09-01 7:06:31,"(38.557699256432684, 54.20127385964072)"
1058.379676,2020-09-16 7:06:19,"(38.556641042220775, 54.202232850617655)"
4358.830575,2020-10-01 7:07:21,"(38.55526012314365, 54.19723791899579)"
3381.749109,2020-10-11 7:08:31,"(38.557714513096045, 54.19438872023194)"
932.935796,2020-10-16 7:08:59,"(38.559036190215316, 54.20443482726388)"
960.7911714,2018-08-29 6:36:19,"(36.49259040614914, 61.66880551191696)"
148.5343517,2018-08-29 6:36:19,"(36.49270208443613, 61.6788515230826)"
901.4284895,2019-08-19 6:36:31,"(36.49215142407943, 61.67796773408494)"
1464.534128,2020-08-13 6:36:31,"(36.49218238381619, 61.697169807371765)"
2328.418792,2020-10-07 6:37:49,"(36.49275883792177, 61.68398617231835)"
3343.352277,2020-10-22 6:39:31,"(36.49257611867892, 61.68376597698839)"
797.3419664,2018-09-05 6:26:19,"(38.73460706582867, 64.61867372962926)"
1977.181127,2018-09-10 6:26:31,"(38.730839556453695, 64.61743828853925)"
671.167855,2018-09-15 6:26:19,"(38.73388641274944, 64.61865746118025)"
3969.13233,2019-05-08 6:26:31,"(38.73480633483625, 64.61729767464972)"
1257.836527,2019-06-27 6:26:31,"(38.733895967355515, 64.61796740891259)"
2091.83112,2019-07-07 6:26:31,"(38.73157930032591, 64.616074482046)"
2214.768533,2019-07-12 6:26:39,"(38.73284680525456, 64.61564287577266)"
5565.81203,2019-07-22 6:26:39,"(38.73026721457997, 64.6197261563226)"
1096.709871,2019-08-01 6:26:39,"(38.732856341853044, 64.61495283247967)"
2115.05708,2019-08-06 6:26:31,"(38.72630043340585, 64.61986663569432)"
1505.267649,2019-08-11 6:26:39,"(38.734249924662706, 64.61843557679116)"
1615.976578,2019-08-16 6:26:31,"(38.73026402695302, 64.61995616194497)"
3051.233878,2019-08-21 6:26:39,"(38.73357063893532, 64.61542909662471)"
1947.920944,2019-08-26 6:26:31,"(38.7313991367401, 64.61607042184738)"
673.2626574,2019-08-31 6:26:29,"(38.73281498719185, 64.61794301772194)"
3196.706948,2019-09-05 6:26:31,"(38.73407613069537, 64.6179714742383)"
1161.816871,2019-11-09 6:30:59,"(38.733320424514936, 64.62048538414929)"
3831.119595,2019-11-14 6:31:21,"(38.73588094795618, 64.61778210564901)"
4097.367597,2019-12-24 6:32:51,"(38.73753741562797, 64.6152883714224)"
1456.823467,2020-03-28 6:26:29,"(38.73352290044165, 64.61887934336916)"
2409.727261,2020-04-22 6:26:31,"(38.736585675228206, 64.61894849687553)"
2738.900589,2020-08-10 6:26:31,"(38.734673864289036, 64.61384330839195)"
862.8340225,2020-10-29 6:30:11,"(38.7348095175451, 64.61706765415869)"
1313.830392,2020-11-03 6:30:29,"(38.734790414506634, 64.61844777655959)"
967.3152348,2021-02-11 6:30:09,"(38.73408249821182, 64.61751143805674)"
1025.815937,2021-02-26 6:28:31,"(38.73299515056728, 64.61794708282949)"
4757.685929,2017-12-01 10:33:59,"(28.45998861799093, 1.5046158759741346)"
3305.002943,2019-01-26 17:36:11,"(32.306995221253096, -103.78768635381932)"
4350.661754,2020-06-04 17:28:59,"(31.63554552383428, -103.63388738617984)"
6771.872847,2020-08-03 17:28:59,"(31.635006594596984, -103.63410614721556)"
3640.002805,2020-07-09 17:29:01,"(31.735834512774307, -102.03886478391244)"
12289.27701,2020-07-11 17:18:59,"(31.73537720818964, -102.0424665043069)"
11238.23901,2020-07-14 17:28:59,"(31.736429033464663, -102.04116698559092)"
12362.38656,2020-07-16 17:19:01,"(31.73195335756276, -102.04257536687774)"
3174.46763,2020-08-05 17:19:01,"(31.735732716022866, -102.04224418930902)"
8778.941049,2020-08-08 17:29:11,"(31.732308866275748, -102.04235306156379)"
4318.36616,2020-08-23 17:28:59,"(31.732162933077664, -102.0438347181764)"
9534.865678,2020-08-30 17:18:59,"(31.732864163695034, -102.04296841716173)"
11448.10008,2020-09-07 17:29:01,"(31.73375538447978, -102.04251807309721)"
6045.303716,2020-09-24 17:20:51,"(31.73515867125355, -102.04859272585055)"
2610.856711,2020-10-13 10:19:09,"(31.778673888571358, 5.995009088336441)"
1619.680328,2020-10-13 10:19:09,"(31.768629007056106, 6.000384370722996)"
1163.749929,2020-10-15 10:10:31,"(31.776311488451753, 5.995777289044968)"
4516.203047,2020-10-15 10:10:31,"(31.767557783361678, 5.999927610875861)"
3931.796668,2020-10-18 10:20:41,"(31.77779276943776, 5.994136255015019)"
6133.65243,2020-10-18 10:20:41,"(31.767432256355647, 5.997601686951714)"
1105.760383,2020-10-20 10:09:49,"(31.778143232234715, 5.99456976384119)"
1899.330807,2020-10-20 10:09:49,"(31.76883903152311, 5.9991246616193585)"
1709.972661,2020-10-23 10:20:29,"(31.776866970961635, 5.995161907401567)"
1739.695165,2020-10-23 10:20:29,"(31.769510086036878, 6.001257166214468)"
1478.153644,2020-10-25 10:11:21,"(31.776356169154187, 5.993878832537037)"
2023.071255,2020-10-25 10:11:21,"(31.765114552017312, 5.996471528938287)"
1214.569333,2020-10-28 10:21:41,"(31.77777787712985, 5.99476908395183)"
953.1702382,2020-10-28 10:21:41,"(31.769959955670824, 5.997472176228765)"
771.6348114,2020-11-02 10:21:59,"(31.777797732843023, 5.993925311932015)"
1898.603709,2020-11-02 10:21:59,"(31.767437224058185, 5.997390768048239)"
5286.706271,2020-11-07 10:22:31,"(31.778143232234715, 5.99456976384119)"
2887.533076,2020-11-07 10:22:31,"(31.76863895166123, 5.999962528511054)"
1270.922401,2020-11-12 10:22:59,"(31.777977928276858, 5.993931122090505)"
2105.411907,2020-11-12 10:22:59,"(31.76936822227481, 5.991964899954105)"
2458.148996,2020-11-14 10:13:01,"(31.779414527812197, 5.994188551985428)"
1908.286161,2020-11-14 10:13:01,"(31.76954986863587, 5.999569781476262)"
2013.345397,2020-11-17 10:23:21,"(31.778298601288494, 5.9956302955595815)"
3073.979899,2020-11-17 10:23:21,"(31.768804228821846, 6.000601112762091)"
2506.971965,2020-11-24 10:13:41,"(31.774228552113843, 5.99233257374711)"
2345.622117,2020-11-24 10:13:41,"(31.767557783361678, 5.999927610875861)"
3147.809726,2020-11-27 10:24:01,"(31.778318462997, 5.994786519477912)"
1740.689259,2020-11-27 10:24:01,"(31.76845875695978, 5.999956708774903)"
2758.036525,2020-11-29 10:13:59,"(31.777577820675276, 5.995607041769564)"
2657.983238,2020-11-29 10:13:59,"(31.768208921710983, 6.002903768780333)"
1375.808845,2020-12-04 10:14:11,"(31.77884415273906, 5.995436791282691)"
1906.790729,2020-12-04 10:14:11,"(31.76988539624138, 6.000636039924597)"
2322.241649,2020-12-07 10:24:11,"(31.778278734000878, 5.996474070808338)"
3492.613724,2020-12-07 10:24:11,"(31.769655452176043, 6.002739450472058)"
9963.444362,2020-12-24 10:14:31,"(31.778138267714002, 5.994780707583842)"
11823.85924,2020-12-24 10:14:31,"(31.770120275755872, 5.998321691251887)"
3623.355285,2020-12-27 10:24:31,"(31.77794317687477, 5.995407725433874)"
2713.171977,2020-12-27 10:24:31,"(31.767818666809287, 6.004157629999635)"
1631.557351,2021-01-01 10:23:29,"(31.778493693335175, 5.995003275930398)"
1541.309443,2021-01-01 10:23:29,"(31.769349785523293, 6.000407653450241)"
625.7191043,2021-01-11 10:23:09,"(31.777247219554013, 5.994329765435482)"
2039.055561,2021-01-18 10:12:49,"(31.78178319881853, 6.000809411792514)"
1656.27673,2021-01-18 10:12:49,"(31.76821389830094, 6.00269284914147)"
1146.654336,2021-02-12 10:11:31,"(31.778083634972628, 5.997101085317433)"
1271.557751,2021-02-12 10:11:31,"(31.768619061056757, 6.000806212726448)"
2864.804217,2017-10-28 10:01:21,"(28.69894550531446, 7.586596568449829)"
2502.352353,2017-11-07 10:02:21,"(28.69714505780588, 7.587030184375552)"
5059.459912,2017-12-27 10:04:11,"(28.72189550099888, 7.521584508195882)"
7067.079193,2017-12-27 10:04:11,"(28.70040210861137, 7.587805299006852)"
1875.423893,2018-03-20 10:10:21,"(28.7222564339762, 7.521579429851351)"
850.802222,2018-05-26 10:00:31,"(28.69607717797354, 7.588477492912318)"
2961.458994,2018-06-05 10:00:31,"(28.696981675706226, 7.588670066454257)"
4922.526283,2018-06-25 10:00:31,"(28.700053977661035, 7.589038275076279)"
1638.144088,2018-12-07 10:04:09,"(28.695858220621787, 7.584795674840605)"
2489.239166,2018-12-12 10:04:01,"(28.696612188139728, 7.587856183051138)"
2037.453393,2019-01-04 10:14:11,"(28.695673466133265, 7.584388743993992)"
3508.742503,2019-01-06 10:04:09,"(28.697680060763652, 7.586408860896352)"
3375.92239,2019-01-09 10:14:09,"(28.700215225151677, 7.587193656753134)"
3669.866433,2019-01-26 10:03:09,"(28.696438123000824, 7.588472649474503)"
4449.41868,2019-01-31 10:02:41,"(28.697334077923497, 7.587846491608877)"
1602.669639,2019-02-13 10:11:31,"(28.6954994167817, 7.585005209871702)"
1811.56067,2019-05-16 10:00:39,"(28.696981675706226, 7.588670066454257)"
3376.679137,2019-05-29 10:10:39,"(28.696612188139728, 7.587856183051138)"
1389.707643,2019-06-28 10:10:39,"(28.696970996601888, 7.587646655160204)"
4261.019437,2019-07-10 10:00:31,"(28.697149332264342, 7.587439549394667)"
2924.031808,2019-07-13 10:10:31,"(28.696983810598795, 7.588874748779803)"
2240.753815,2019-07-18 10:10:39,"(28.696601503005752, 7.58683277571109)"
3188.295675,2019-07-20 10:00:31,"(28.696981675706226, 7.588670066454257)"
1240.942773,2019-07-23 10:10:31,"(28.700232315245675, 7.588831165267543)"
3954.049605,2019-07-25 10:00:39,"(28.696981675706226, 7.588670066454257)"
1564.873323,2019-07-28 10:10:29,"(28.69750600255051, 7.587025335758205)"
968.1246994,2019-08-04 10:00:39,"(28.696790524169337, 7.587649078360536)"
2234.776706,2019-08-07 10:10:29,"(28.69642957928925, 7.587653924694428)"
1967.508058,2019-08-12 10:10:31,"(28.696438123000824, 7.588472649474503)"
592.7691524,2019-08-14 10:00:39,"(28.696981675706226, 7.588670066454257)"
4232.318988,2019-12-22 10:03:29,"(28.696792660593175, 7.587853760223953)"
8050.159557,2020-02-05 10:02:11,"(28.696805472638125, 7.589081851871665)"
7160.051424,2020-07-19 10:00:29,"(28.699287192225537, 7.584749539002238)"
1957.110198,2020-07-22 10:05:59,"(28.69744602927651, 7.581294215203959)"
1693.105933,2020-07-24 10:00:31,"(28.704359671926372, 7.586523802097442)"
1767.593809,2020-07-27 10:10:31,"(28.698386972351607, 7.584966365502587)"
4028.169738,2020-07-29 10:00:29,"(28.700221636257996, 7.587807722279132)"
1825.432944,2020-08-01 10:05:59,"(28.696595088212206, 7.586218731574267)"
3338.734737,2020-08-03 10:00:31,"(28.700225908781494, 7.58821709940775)"
4167.862751,2020-08-06 10:10:31,"(28.6973362140856, 7.588051174547236)"
1180.490071,2020-08-11 10:05:59,"(28.69930858808915, 7.586796404648284)"
3394.390284,2020-08-13 10:00:31,"(28.70003261520253, 7.586991392942822)"
274.3947953,2020-08-13 10:00:31,"(28.657364575480404, 7.546228182177974)"
4995.178045,2020-08-16 10:10:31,"(28.7005718940761, 7.58677942977076)"
2346.203966,2020-08-21 10:05:59,"(28.700215225151677, 7.587193656753134)"
3260.082082,2020-08-23 10:00:31,"(28.700395697457342, 7.587191232427993)"
2541.649558,2020-09-05 10:10:31,"(28.69568630916669, 7.58561682073842)"
1463.220258,2020-09-12 10:00:31,"(28.70464669765565, 7.596756245600163)"
3128.761392,2020-09-12 10:00:31,"(28.696981675706226, 7.588670066454257)"
2437.925996,2020-09-15 10:10:31,"(28.696603640651407, 7.587037457134576)"
2619.305045,2020-09-17 10:00:29,"(28.704829293780783, 7.596958535543469)"
3480.76685,2020-09-30 10:07:29,"(28.697508139966278, 7.58723001895843)"
2375.743563,2020-10-02 10:00:31,"(28.697690749469228, 7.587432278540658)"
2194.238903,2020-11-19 10:13:19,"(28.696792660593175, 7.587853760223953)"
3725.229074,2020-12-04 10:14:11,"(28.705983921031667, 7.586501968281894)"
4792.030306,2021-01-25 10:02:09,"(28.697338349938256, 7.588255857507845)"
1164.531025,2021-01-28 10:11:59,"(28.698041005382787, 7.5864040100399475)"
1757.231841,2021-05-30 6:36:31,"(38.84177466855303, 62.84363531498635)"
6014.829418,2021-06-09 6:36:31,"(38.84195551598569, 62.84409583295992)"
4178.818745,2021-07-04 6:36:29,"(38.840875964882265, 62.84548090906597)"
2833.753087,2021-07-14 6:36:29,"(38.84069389626511, 62.84409858590343)"
2768.570575,2021-07-24 6:36:29,"(38.83997235456641, 62.843639259301206)"
2548.973374,2021-07-29 6:36:31,"(38.84051366485414, 62.84409897916699)"
4082.996398,2021-08-03 6:36:29,"(38.83943011228211, 62.84248820221961)"
2824.732144,2021-08-08 6:36:31,"(38.840693280228024, 62.84363768161764)"
8385.545295,2020-08-08 17:29:11,"(31.542074359668685, -103.35696016162966)"
5892.685635,2019-05-15 10:30:29,"(32.97773808054883, 3.500108232471571)"
40.3494985,2019-05-15 10:30:29,"(32.97538599493144, 3.5018072441818084)"
62.88574364,2019-05-15 10:30:29,"(32.973062160008055, 3.496443399376428)"
112.0517967,2019-05-15 10:30:29,"(32.973597400409574, 3.497944599920087)"
1433.595394,2017-10-13 6:38:09,"(36.513002725399666, 61.738810040384614)"
2562.139915,2017-10-18 6:38:51,"(36.56850629056633, 61.70281758215089)"
2352.091543,2017-10-18 6:38:51,"(36.51407483396362, 61.737899240996725)"
2125.992943,2017-11-02 6:40:09,"(36.56689128515168, 61.70351509619174)"
2258.272336,2017-11-02 6:40:09,"(36.51354350412679, 61.73880126467163)"
5514.612611,2018-01-01 6:42:49,"(36.576161891222554, 61.7105130075125)"
3155.162405,2018-01-01 6:42:49,"(36.51407010703648, 61.73745261728884)"
2524.361369,2018-05-21 6:36:29,"(36.56729777605113, 61.674900014869365)"
1331.175305,2018-05-26 6:36:31,"(36.570707675597454, 61.67350068436888)"
462.064179,2018-06-30 6:36:29,"(36.566855068084735, 61.667532061883826)"
1791.150635,2018-06-30 6:36:29,"(36.56450171412824, 61.69930863986113)"
315.5409927,2018-07-15 6:36:31,"(36.567057784811404, 61.66954008844483)"
1326.730721,2018-07-20 6:36:29,"(36.56523004782267, 61.69996691680633)"
754.6109997,2018-08-19 6:36:19,"(36.529574996575896, 61.67107601512525)"
1860.967737,2018-08-19 6:36:19,"(36.510758608391264, 61.6977518546591)"
542.4792205,2018-08-19 6:36:19,"(36.51276330357307, 61.733230264690036)"
500.8926202,2018-08-24 6:36:21,"(36.52621047764172, 61.66041117924104)"
260.1485346,2018-08-29 6:36:19,"(36.52923438674592, 61.672868980101725)"
761.017629,2018-09-03 6:36:21,"(36.52818761723224, 61.67601431426643)"
2402.014481,2018-09-03 6:36:21,"(36.50928321589052, 61.74512381826394)"
2105.277709,2018-09-03 6:36:21,"(36.49616997109539, 61.69911268508265)"
1929.701468,2018-09-13 6:36:21,"(36.51121900491866, 61.740625721522306)"
1848.818673,2018-09-18 6:36:19,"(36.51161249289209, 61.743746151651386)"
660.6633603,2018-09-23 6:36:21,"(36.56723304873972, 61.66909007903051)"
1431.889791,2018-09-28 6:36:29,"(36.51208015964607, 61.73681491049376)"
2946.479321,2018-10-03 6:37:11,"(36.56836687021154, 61.67376422506991)"
4594.265973,2018-10-03 6:37:11,"(36.56723477270416, 61.70194483789617)"
513.7582841,2018-10-18 6:38:49,"(36.52821583058361, 61.66238709535672)"
497.8223972,2018-10-23 6:39:21,"(36.53107732194711, 61.660327239659175)"
3778.849007,2019-08-14 6:36:29,"(36.56456253731294, 61.70489498727806)"
1040.128598,2019-08-24 6:36:29,"(36.55632385644533, 61.743693082443066)"
2664.382521,2019-09-18 6:36:31,"(36.515320097928075, 61.73631554049608)"
1719.901349,2019-09-28 6:36:31,"(36.50959195068499, 61.740205409201906)"
903.6574462,2019-10-03 6:37:09,"(36.51352696459431, 61.73723809229108)"
437.9493568,2019-12-22 6:42:59,"(36.50290227755404, 61.67197871494864)"
1733.606664,2020-03-01 6:38:09,"(36.5055886912649, 61.670369554758594)"
1320.814051,2020-05-30 6:36:29,"(36.49883481844336, 61.69549521713148)"
215.0693393,2020-06-04 6:36:31,"(36.56701308974777, 61.698149018882226)"
361.3014864,2020-06-04 6:36:31,"(36.50241796258583, 61.69342525845711)"
513.2369378,2020-06-14 6:36:31,"(36.56827731553772, 61.698351304489854)"
1935.032385,2020-06-29 6:36:29,"(36.56597541821479, 61.70218941179089)"
3216.6823,2020-07-14 6:36:31,"(36.5645431023626, 61.703107354282224)"
3822.952894,2020-07-14 6:36:31,"(36.501901627440596, 61.69566707702374)"
953.054617,2020-07-19 6:36:29,"(36.51229044871167, 61.67315837324777)"
925.282451,2020-08-03 6:36:31,"(36.499051651963114, 61.69884116981137)"
3023.004127,2020-09-12 6:36:31,"(36.503403801539754, 61.684699276164686)"
498.2835162,2017-10-29 10:21:19,"(31.74672292962763, 6.128844571684737)"
1090.840457,2017-10-31 10:11:41,"(31.75033676385856, 6.129155062980993)"
3154.729163,2017-12-10 10:14:11,"(31.746258326664183, 6.1322355880986175)"
2592.425345,2017-12-10 10:14:11,"(31.714397609046216, 6.126888452821862)"
1310.231359,2018-08-07 10:10:21,"(31.737933451984727, 6.114977459737931)"
348.9629205,2018-10-04 10:20:19,"(31.740988662415987, 6.1224797170894965)"
3447.249261,2018-10-06 10:10:21,"(31.73822822684904, 6.1200328544967135)"
1592.219961,2018-11-08 10:22:31,"(31.71313133690978, 6.126716567026301)"
1554.352078,2018-11-10 10:12:39,"(31.711533153666583, 6.127820703923898)"
2462.836877,2018-11-28 10:23:51,"(31.712804177747373, 6.128203422589552)"
2925.526412,2018-11-30 10:13:49,"(31.715284426790767, 6.126228168834382)"
1494.612861,2018-12-03 10:23:59,"(31.714184101388682, 6.125418262927876)"
349.6011973,2019-04-07 10:20:21,"(31.730919438913837, 6.188415002060566)"
2410.954335,2020-02-28 10:10:21,"(31.683218656144778, 6.184371371168667)"
6542.307416,2019-12-10 10:14:11,"(28.63596778035427, 7.537112117588534)"
7912.485023,2019-12-12 10:03:19,"(28.636150459000394, 7.537314173535269)"
9701.771962,2020-10-12 17:32:59,"(31.75122015406054, -103.50740610687785)"
7705.968925,2020-12-01 17:37:09,"(31.75484015533497, -103.50840375235258)"
1051.849368,2020-03-04 10:10:19,"(31.68321053468039, 5.864557403275511)"
5604.288269,2018-06-17 7:16:21,"(39.519523695563045, 53.782991629277184)"
12946.63561,2019-08-28 7:06:21,"(39.52041051971372, 53.77604813691763)"
21036.36288,2020-09-09 7:16:19,"(39.52212486885214, 53.77216162297233)"
12755.22514,2020-06-19 10:00:29,"(29.791818076828267, 9.172894683042706)"
6206.580678,2019-01-26 17:36:11,"(31.722140763764802, -103.79409641941976)"
8966.762002,2019-02-25 17:33:11,"(31.74162437219215, -103.79384400508162)"
21091.05801,2021-09-07 17:28:59,"(31.728553125997333, -103.7853582958399)"
7110.471575,2018-01-20 7:12:09,"(38.49382195046158, 54.19755816081287)"
27523.1294,2018-04-10 7:06:19,"(38.51420033278491, 54.18323630191724)"
6113.740009,2018-05-20 7:06:19,"(38.49362419417999, 54.189311723423586)"
11480.60664,2018-05-20 7:06:19,"(38.493570579111925, 54.19458725810579)"
3126.356497,2018-05-25 7:06:21,"(38.49398551949578, 54.19686397344442)"
15749.44911,2018-06-04 7:06:21,"(38.49434557263813, 54.19685001092749)"
30541.03287,2018-06-14 7:06:21,"(38.49382743541586, 54.19778722967199)"
5372.377854,2018-06-19 7:06:19,"(38.492267496116675, 54.200369742145746)"
14483.62927,2018-06-24 7:06:21,"(38.495240218353146, 54.19658603038504)"
18765.98168,2018-06-29 7:06:19,"(38.49473853787626, 54.19821047818949)"
2348.203324,2018-06-29 7:06:19,"(38.50994135170973, 54.17101844769029)"
1816.629438,2018-07-09 7:06:19,"(38.49383291992279, 54.198016298593416)"
21728.04889,2018-07-14 7:06:21,"(38.49802288136111, 54.19991752225634)"
6471.002482,2018-07-29 7:06:19,"(38.49625998808922, 54.19402429788293)"
5068.506307,2018-08-13 7:06:21,"(38.49944665049131, 54.19917446227484)"
7151.75767,2018-08-13 7:06:21,"(38.4940184307744, 54.19823838982421)"
5641.144683,2018-08-28 7:06:09,"(38.49828420228055, 54.19578007584691)"
26264.77411,2018-09-07 7:06:09,"(38.497662827499525, 54.19993147134068)"
2969.869816,2018-09-27 7:06:39,"(38.49475498789806, 54.19889769404473)"
23229.72051,2018-12-26 7:13:09,"(38.49485821305525, 54.195683707198306)"
10696.52689,2019-02-04 7:11:09,"(38.49347835037852, 54.19825932289613)"
19038.2381,2019-02-14 7:10:09,"(38.495251191955695, 54.19704417676608)"
11639.84551,2019-02-24 7:08:59,"(38.494192973429904, 54.19800234188789)"
14665.09529,2019-03-06 7:07:49,"(38.49319954394985, 54.19414309899894)"
12095.29471,2019-03-11 7:07:11,"(38.49604258479481, 54.19999423913797)"
3099.442819,2019-03-16 7:06:39,"(38.49561673127619, 54.1972592889354)"
3062.6893,2019-05-30 7:06:21,"(38.49383291992279, 54.198016298593416)"
4486.021272,2019-06-19 7:06:31,"(38.495273133792395, 54.19796047027604)"
9981.798827,2019-11-26 7:12:31,"(38.518633611523775, 54.20278838005765)"
1640.395181,2019-12-01 7:12:39,"(38.518846497842006, 54.20415630276325)"
892.6544759,2019-12-01 7:12:39,"(38.500756165976256, 54.20118744406377)"
4519.235785,2019-12-16 7:13:11,"(38.51623298441588, 54.200358470615555)"
9198.524744,2019-12-21 7:13:09,"(38.519719249687164, 54.20297569526802)"
30009.21248,2019-12-21 7:13:09,"(38.49506019185355, 54.196593012555034)"
21489.17712,2020-03-05 7:07:51,"(38.494329110748666, 54.19616280016688)"
11235.68221,2020-04-14 7:06:21,"(38.49376158643996, 54.19503840747623)"
9184.514949,2020-04-29 7:06:19,"(38.49440041652515, 54.19914071751346)"
1059.254565,2020-05-09 7:06:19,"(38.50713016037049, 54.166542073805736)"
750.4702914,2020-05-29 7:06:19,"(38.50788047388139, 54.19770091572364)"
1684.259,2020-06-03 7:06:31,"(38.50779263135027, 54.19403510951932)"
1306.44273,2020-06-08 7:06:29,"(38.50905830496211, 54.19421528257887)"
4317.875526,2020-06-13 7:06:31,"(38.508977089787905, 54.198346369789114)"
874.6156057,2020-06-13 7:06:31,"(38.494203941242326, 54.19846048219236)"
3576.30327,2020-06-23 7:06:31,"(38.50541556537471, 54.20765721361849)"
2821.413096,2020-06-23 7:06:31,"(38.492796617507196, 54.19989069353298)"
2326.011492,2020-07-18 7:06:19,"(38.50612408624804, 54.19960360199904)"
5703.804811,2020-07-23 7:06:31,"(38.4975640971147, 54.19580801521743)"
1007.94795,2020-07-28 7:06:29,"(38.514133411308876, 54.2105310913131)"
1075.061493,2020-08-02 7:06:31,"(38.51302436295634, 54.19429058223383)"
3629.397724,2020-08-07 7:06:29,"(38.507891446141606, 54.1981591426218)"
1232.745558,2020-08-12 7:06:31,"(38.509381012270495, 54.20016535417129)"
20785.1632,2020-10-01 7:07:21,"(38.49822482910308, 54.20082688077009)"
11810.35003,2020-10-11 7:08:31,"(38.49381646505996, 54.197329092016055)"
11075.3399,2020-11-25 7:12:29,"(38.48716527114974, 54.190479864269165)"
36282.60115,2020-12-20 7:13:11,"(38.49381097921099, 54.197100023281564)"
12044.87441,2019-08-24 7:26:21,"(30.36276342253434, 47.33206293297301)"
3244.026208,2019-10-06 10:10:29,"(31.749304386129204, 6.0092571331781075)"
457.2475642,2019-10-09 10:20:29,"(31.745825859787868, 6.01146585070894)"
5250.601327,2020-10-08 10:20:31,"(31.69169844722576, 6.020260176877968)"
946.0847797,2020-10-10 10:10:29,"(31.690977673158574, 6.020236811044189)"
5965.350043,2017-10-10 7:23:01,"(39.45986633844858, 53.605126794215835)"
1758.112493,2017-10-20 7:19:21,"(39.46425233372933, 53.61040430678023)"
3216.577144,2017-10-25 7:19:39,"(39.45784439202109, 53.60691079477762)"
721.9621137,2017-10-30 7:23:01,"(39.45671733703817, 53.60896054301892)"
8806.617511,2017-11-16 7:13:01,"(39.460359545406774, 53.60723711880153)"
8503.938211,2018-03-19 7:16:11,"(39.45751558594439, 53.60550396128808)"
306.6163579,2018-04-20 7:06:19,"(39.455642395193976, 53.60868796988201)"
8027.948173,2018-04-25 7:07:31,"(39.45873410240549, 53.60740886683596)"
100.3428281,2018-04-28 7:16:21,"(39.45704088513109, 53.61059960422558)"
4597.757064,2018-05-18 7:16:21,"(39.45430919847988, 53.61189200047456)"
645.9086176,2018-05-20 7:06:19,"(39.46091004230898, 53.6067927955971)"
3550.699641,2018-05-23 7:18:09,"(39.4566414795591, 53.60430923332961)"
4067.678476,2018-05-25 7:06:21,"(39.459114991529226, 53.60649335925388)"
4288.05253,2018-06-22 7:16:19,"(39.455882437215294, 53.61404262067842)"
2291.319022,2018-06-24 7:06:21,"(39.45546236938942, 53.608681246115694)"
662.0995374,2018-06-27 7:16:21,"(39.45285333792376, 53.61253479606303)"
855.0181598,2018-06-29 7:06:19,"(39.4569182115, 53.60803834796471)"
2432.459885,2018-07-04 7:07:31,"(39.45742179818733, 53.609684137141336)"
2390.826544,2018-07-07 7:16:21,"(39.45393870957567, 53.612342976023065)"
1896.270793,2018-07-09 7:06:19,"(39.454653590949896, 53.612602129460285)"
2018.638045,2019-09-25 7:16:29,"(39.477336722857984, 53.64530245430495)"
3829.954039,2019-10-02 7:07:19,"(39.47279351181181, 53.639085884534275)"
1818.020153,2019-10-22 7:09:29,"(39.46400309592392, 53.668971673436744)"
254.3530514,2020-05-09 7:06:19,"(39.4614455161364, 53.670500979472244)"
1162.742771,2020-05-27 7:16:21,"(39.4666299216127, 53.66442299114864)"
1596.056261,2018-11-22 6:41:51,"(36.513425694571026, 61.538908727614654)"
4728.19501,2019-01-16 6:42:19,"(36.554456949645235, 61.562493801875156)"
1242.370388,2019-01-21 6:42:01,"(36.55122599752195, 61.56367091392802)"
1357.121028,2019-06-05 6:36:39,"(36.548377020988966, 61.566628415152245)"
1282.484482,2019-06-20 6:36:31,"(36.550157976805686, 61.564807927424134)"
1176.15631,2019-06-25 6:36:39,"(36.549434305130475, 61.56459786240554)"
2145.106252,2019-06-30 6:36:31,"(36.550144524914955, 61.56369092926711)"
2972.105564,2019-09-18 6:36:31,"(36.573807309424474, 61.53777178518971)"
4521.237727,2019-09-18 6:36:31,"(36.55161069548354, 61.56567487645372)"
1922.957942,2019-09-23 6:36:29,"(36.57326658140015, 61.53778198179222)"
2734.719005,2019-09-23 6:36:29,"(36.55125289189893, 61.56590494208797)"
2912.778877,2019-09-28 6:36:31,"(36.572725853324194, 61.537792178122864)"
3371.519884,2019-09-28 6:36:31,"(36.54908456926302, 61.56549811606276)"
1815.586422,2019-10-03 6:37:09,"(36.55971536786307, 61.580051070961886)"
2063.907092,2019-10-08 6:37:51,"(36.55015259730448, 61.56436112807242)"
1588.847042,2019-10-23 6:39:29,"(36.5743535196623, 61.53820852175417)"
3711.313878,2019-11-07 6:40:51,"(36.550682569558205, 61.56345752063326)"
1976.362548,2019-11-17 6:41:41,"(36.546956526876386, 61.568442170171274)"
3116.658087,2020-03-01 6:38:09,"(36.55195236150859, 61.56410437931814)"
6327.184557,2020-03-06 6:37:31,"(36.550868197961066, 61.563900987472095)"
1633.479622,2020-03-11 6:36:49,"(36.55157841176813, 61.562994030930454)"
2019.008229,2020-05-30 6:36:29,"(36.54886665127738, 61.56237390410946)"
1874.924846,2020-06-09 6:36:29,"(36.5497894159412, 61.56414439790991)"
2205.823436,2020-07-19 6:36:29,"(36.54966021508415, 61.56839230111059)"
2546.592447,2020-08-03 6:36:31,"(36.55016335463344, 61.56525472689434)"
1971.878579,2020-08-13 6:36:31,"(36.54996697065771, 61.56391766410691)"
2229.114753,2020-08-18 6:36:29,"(36.54867023559811, 61.56103687193903)"
1315.516481,2020-08-28 6:36:29,"(36.549434305130475, 61.56459786240554)"
2462.385168,2020-09-02 6:36:31,"(36.54998848517505, 61.565704857603436)"
1636.624785,2020-09-07 6:36:29,"(36.54996697065771, 61.56391766410691)"
796.0398229,2020-09-12 6:36:31,"(36.54960917044006, 61.56414773259992)"
1309.391038,2020-09-27 6:36:39,"(36.54981898670443, 61.56660178407961)"
861.1882034,2020-10-02 6:37:11,"(36.54908188108209, 61.5652747193936)"
1237.415872,2020-10-07 6:37:49,"(36.54979210628418, 61.56436779650452)"
1827.252623,2020-11-01 6:40:31,"(36.55196849855661, 61.565444808656856)"
1925.311063,2020-11-06 6:40:49,"(36.5546452748536, 61.56316070000048)"
7610.888334,2020-11-11 6:41:21,"(36.521203512367656, 61.58589269542048)"
1472.54625,2020-12-06 6:42:49,"(36.55033015241032, 61.5641343936621)"
3460.394035,2021-03-01 6:38:11,"(36.55089240070131, 61.56591160361764)"
1844.370335,2021-03-11 6:37:01,"(36.55159456115672, 61.56433445315864)"
2313.689633,2021-04-05 6:36:29,"(36.55033015241032, 61.5641343936621)"
956.0997618,2021-04-10 6:36:21,"(36.55033015241032, 61.5641343936621)"
2242.295387,2021-04-20 6:36:21,"(36.548366274403044, 61.565734836355126)"
720.1875158,2021-04-25 6:36:19,"(36.55122330578317, 61.56344751127501)"
1597.612049,2021-05-10 6:36:31,"(36.550149906926336, 61.56413772844101)"
3092.110196,2021-05-20 6:36:31,"(36.54928630541421, 61.56728196313787)"
4581.997111,2019-07-20 17:29:09,"(32.22406709333463, -103.49166369052024)"
12318.00048,2021-04-20 6:36:21,"(38.58893503291566, 62.68136648166197)"
2727.266844,2021-08-03 6:36:29,"(38.59673135866156, 62.77963091001455)"
63786.08112,2018-11-27 17:36:41,"(31.88088446034548, -103.86942256660652)"
8976.329452,2020-08-13 17:28:59,"(31.881436472196253, -103.81126726644358)"
1004.614506,2018-04-19 10:10:31,"(31.73714149815436, 5.927623606984689)"
1839.534869,2018-04-22 10:20:31,"(31.73752130198541, 5.926791494245059)"
4478.760716,2018-04-24 10:10:29,"(31.739274890626596, 5.928956891622849)"
3892.761566,2018-04-27 10:20:19,"(31.73886110183685, 5.931265078270807)"
6728.916062,2018-04-29 10:10:31,"(31.737667574832205, 5.928273219175834)"
1501.264667,2018-05-04 10:10:29,"(31.738924176274786, 5.928523805632475)"
3092.954343,2018-05-07 10:20:19,"(31.738782754573357, 5.926831192912789)"
3791.108153,2018-05-09 10:10:31,"(31.734637980678464, 5.926700763779237)"
5570.320369,2018-05-12 10:20:31,"(31.739810661346404, 5.929184788138026)"
3542.857489,2018-05-19 10:10:31,"(31.736264695250924, 5.92654093628527)"
5362.699874,2018-05-29 10:10:31,"(31.73744371246479, 5.930165321431078)"
583.918091,2018-06-03 10:10:19,"(31.739834911146435, 5.928130440802788)"
1857.521262,2018-06-06 10:20:19,"(31.733094482013914, 5.931083343751903)"
2978.784235,2018-06-08 10:10:21,"(31.73564649387112, 5.9298976884779915)"
7017.295247,2018-06-11 10:20:21,"(31.737619067114032, 5.9303818632055965)"
1964.07271,2018-06-16 10:20:19,"(31.73786232774643, 5.927646297741024)"
3704.279305,2018-06-21 10:20:21,"(31.738583157242335, 5.927668989310329)"
2968.077717,2018-06-23 10:10:29,"(31.739976314265167, 5.929823073376185)"
5075.953819,2018-06-26 10:20:19,"(31.73861593014241, 5.918385143924228)"
3140.329639,2018-06-28 10:10:31,"(31.739303986642053, 5.927691681692635)"
2900.862959,2018-07-01 10:20:21,"(31.739250634370496, 5.930011231833407)"
7.184725606,2018-07-01 10:20:21,"(31.74943013165377, 5.9343418642996975)"
1654.86772,2018-07-03 10:10:29,"(31.738549707178482, 5.936952772205991)"
6351.39826,2018-07-06 10:20:19,"(31.738398101581577, 5.927874182754633)"
3539.928836,2018-07-16 10:20:19,"(31.73672288445252, 5.930142611538245)"
7044.133296,2018-07-21 10:20:21,"(31.74841690814125, 5.9313553022638645)"
2889.372914,2018-07-23 10:10:19,"(31.73958678298677, 5.931076930298788)"
5539.848942,2018-08-15 10:20:19,"(31.739226369408446, 5.931065570772613)"
3342.051206,2018-09-14 10:20:19,"(31.75521130355217, 5.933891206666183)"
1776.903491,2020-02-11 10:21:41,"(31.737341087237844, 5.903151839253589)"
146.5504905,2020-02-11 10:21:41,"(31.741154366518234, 5.902004716639678)"
60.43226866,2020-02-11 10:21:41,"(31.738105186452522, 5.901276506188563)"
2286.487449,2021-06-04 6:36:29,"(38.75061000923576, 62.87099360945572)"
31809.59353,2020-01-06 17:37:19,"(32.25885345330828, -103.9741079417993)"
16475.3177,2020-01-11 17:37:01,"(32.25885345330828, -103.9741079417993)"
8648.063378,2020-11-26 17:36:51,"(32.264964595358315, -103.97127879242056)"
1924.354576,2021-08-23 6:36:29,"(38.675991215361265, 62.869978036617596)"
1275.40431,2021-08-28 6:36:31,"(38.6745495769053, 62.87021056375017)"
7135.394899,2019-09-26 17:41:01,"(40.68688985609704, -104.22306456821809)"
164.3344556,2021-05-15 7:26:21,"(30.69290374060185, 46.48523950799184)"
3311.447844,2021-05-30 7:26:19,"(30.695989840730178, 46.483616332218396)"
1834.085235,2021-05-10 6:36:31,"(36.40168656717148, 61.54211886966888)"
62843.70113,2020-09-21 7:06:31,"(45.09172938125002, 55.081952877098296)"
1278.500866,2018-04-26 6:36:31,"(36.49753196672923, 61.61200268625397)"
1383.945842,2018-05-21 6:36:29,"(36.55033284280604, 61.56435779381191)"
2008.631847,2018-05-21 6:36:29,"(36.506799933371056, 61.618313673080166)"
1023.865498,2018-05-26 6:36:31,"(36.55286703761053, 61.56520474098169)"
510.5850357,2018-06-05 6:36:31,"(36.51123101121569, 61.61175807775003)"
3624.651107,2018-06-15 6:36:31,"(36.5697667887802, 61.5914893995322)"
1250.996893,2018-06-25 6:36:31,"(36.51146315844958, 61.61622072030149)"
798.1474434,2018-06-25 6:36:31,"(36.492397350974095, 61.65161579960766)"
2139.275012,2018-07-05 6:36:31,"(36.511473517768636, 61.617113894108876)"
746.8795524,2018-09-08 6:36:19,"(36.55121522805659, 61.562777303493945)"
294.7824388,2018-09-13 6:36:21,"(36.54925674903625, 61.56482459309817)"
1213.230125,2018-09-18 6:36:19,"(36.54962261788352, 61.56526472327723)"
1554.105666,2018-10-03 6:37:11,"(36.5699734206, 61.59372072012785)"
863.2725799,2019-06-20 6:36:31,"(36.550157976805686, 61.564807927424134)"
776.1793077,2019-06-25 6:36:39,"(36.549434305130475, 61.56459786240554)"
1027.312118,2019-06-30 6:36:31,"(36.54995620335845, 61.56302406806992)"
1696.711529,2019-09-18 6:36:31,"(36.55304190470643, 61.56475459229013)"
1727.535086,2019-09-23 6:36:29,"(36.55195774219814, 61.56455118897919)"
2265.733133,2019-09-28 6:36:31,"(36.55015259730448, 61.56436112807242)"
3396.077911,2019-11-07 6:40:51,"(36.551395473400675, 61.56277396542659)"
2160.262027,2020-07-19 6:36:29,"(36.55107533342204, 61.56613167532806)"
2691.938229,2020-09-02 6:36:31,"(36.55016066592875, 61.56503132714442)"
3707.631545,2020-09-02 6:36:31,"(36.51369378390433, 61.57597883587342)"
837.7915547,2019-07-06 10:20:31,"(31.93201997653747, 6.08524366823334)"
698.8637424,2019-07-23 10:10:31,"(31.92210874946239, 6.085556576862205)"
1976.962575,2019-08-07 10:10:29,"(31.923189975120053, 6.0855224488585)"
23653.87955,2020-04-06 16:09:01,"(33.57223224806955, -84.25270104624363)"
1638.538201,2018-01-23 7:21:59,"(39.380880248144656, 53.82413850727824)"
966.024813,2018-04-10 7:06:19,"(39.38809646150713, 53.831163028524855)"
2708.954985,2018-04-18 7:16:21,"(39.37983928626653, 53.82990052410111)"
3552.235625,2018-04-18 7:16:21,"(39.35513977687568, 53.87462215035569)"
2893.389835,2018-04-20 7:06:19,"(39.383134873253994, 53.83514147017568)"
2169.337549,2018-04-25 7:07:31,"(39.379197617189774, 53.83405343064289)"
5213.618585,2018-04-25 7:07:31,"(39.35531403421117, 53.87486137420601)"
3956.234108,2018-04-28 7:16:21,"(39.355494022976, 53.87486875718127)"
6294.720802,2018-05-08 7:16:21,"(39.35552840511306, 53.87347770342078)"
2056.825633,2018-07-04 7:07:31,"(39.38171188463555, 53.834387355788486)"
4479.733354,2018-07-04 7:07:31,"(39.35570266485026, 53.87371692595398)"
2918.68777,2018-09-17 7:06:09,"(39.38041233522552, 53.8359598842416)"
1712.954102,2018-09-20 7:16:09,"(39.38041799219714, 53.83572795182759)"
2502.420843,2018-09-20 7:16:09,"(39.353142705054054, 53.875236452294025)"
10497.29531,2019-02-24 7:08:59,"(39.354385426917915, 53.87598365216831)"
968.3666819,2019-10-07 7:07:51,"(39.38027192997715, 53.834329070544726)"
4281.66684,2019-10-27 7:10:01,"(39.35628845351186, 53.87188430606293)"
3782.897684,2020-12-10 7:13:01,"(39.34281308240562, 53.928180663631075)"
24082.88577,2020-12-13 7:23:11,"(39.342644773511964, 53.92770956982751)"
74305.47057,2020-12-15 7:13:09,"(39.342644773511964, 53.92770956982751)"
2795.293613,2020-04-25 17:28:59,"(31.70951060272026, -103.59988024395655)"
6275.68448,2019-02-25 17:33:11,"(31.74162437219215, -103.79384400508162)"
9543.506003,2018-11-22 17:36:29,"(32.30779873152339, -102.09173829610123)"
10416.14511,2018-11-27 17:36:41,"(32.307048592329345, -102.09048828034499)"
17774.75307,2020-11-08 17:25:29,"(32.2711875420976, -102.07592786612871)"
2182.100673,2020-12-06 17:37:21,"(32.65368455972228, -104.1560079203616)"
5596.587785,2018-02-25 17:32:59,"(31.73170553683558, -102.04005310515934)"
23946.87297,2018-05-11 17:29:01,"(31.733556551872223, -102.04210425775447)"
9004.976465,2018-06-27 17:19:01,"(31.732830843912353, -102.04191633084167)"
8383.178373,2018-08-14 17:29:59,"(31.73228533835833, -102.04172267559476)"
5459.006068,2018-08-24 17:28:49,"(31.734277362222784, -102.04208133577886)"
19728.74118,2019-01-26 17:36:11,"(31.7418360662799, -102.0414188686534)"
10678.63534,2019-03-17 17:30:41,"(31.732494922461733, -102.04298202870388)"
36705.92999,2019-09-20 17:20:11,"(31.733912059341222, -102.04188194635998)"
1824.163249,2019-09-20 17:20:11,"(31.745440110150046, -102.04130418704045)"
1607.533202,2020-07-04 17:28:59,"(31.731096396524286, -102.04450161122719)"
5546.538786,2020-07-09 17:29:01,"(31.735834512774307, -102.03886478391244)"
14475.36081,2020-07-11 17:18:59,"(31.73537720818964, -102.0424665043069)"
14769.83397,2020-07-14 17:28:59,"(31.736429033464663, -102.04116698559092)"
11998.51112,2020-07-16 17:19:01,"(31.73195335756276, -102.04257536687774)"
5912.492457,2020-08-05 17:19:01,"(31.735732716022866, -102.04224418930902)"
9254.573021,2020-08-08 17:29:11,"(31.732308866275748, -102.04235306156379)"
4138.252785,2020-08-23 17:28:59,"(31.732348030277723, -102.04403983874751)"
5152.771722,2020-08-28 17:29:01,"(31.74239040833458, -102.04161038236113)"
8942.663016,2020-08-30 17:18:59,"(31.733224569203337, -102.04295695993108)"
12188.92595,2020-09-07 17:29:01,"(31.73393558713833, -102.0425123434369)"
6036.790526,2020-09-24 17:20:51,"(31.73515867125355, -102.04859272585055)"
4442.656677,2021-01-30 6:41:21,"(36.42112692341577, 61.38560240169978)"
5059.787572,2021-03-11 6:37:01,"(36.47632863042101, 61.456338844846634)"
4096.116229,2021-03-16 6:36:29,"(36.47274116721512, 61.4577493454201)"
4768.285218,2021-03-31 6:36:21,"(36.47542454830143, 61.45613354762685)"
2593.830212,2021-04-10 6:36:21,"(36.47343036621188, 61.45528020646154)"
3142.192739,2021-04-15 6:36:19,"(36.46743041593597, 61.45138153155436)"
5064.604722,2021-04-20 6:36:21,"(36.47239222416358, 61.4586491507383)"
2751.884752,2021-05-10 6:36:31,"(36.47292140631828, 61.45774577370165)"
3882.492584,2018-06-23 10:10:29,"(28.446351982006856, 7.4474218727287695)"
6656.645517,2021-01-20 6:42:11,"(36.420473058355256, 61.65263745174637)"
5002.492964,2019-03-17 6:36:29,"(66.46672685159696, 76.84667568278034)"
7808.337047,2019-05-03 6:26:39,"(66.4549445752641, 76.74751403455325)"
9662.068335,2020-08-08 17:29:11,"(31.542074359668685, -103.35696016162966)"
54023.46939,2020-11-03 17:25:11,"(37.61496991412279, -99.39533370382838)"
8767.738309,2019-12-07 17:37:19,"(32.244161608513494, -103.51277121437026)"
3503.632856,2019-07-15 17:29:01,"(31.491583092003086, -103.1104583795319)"
7501.983206,2019-09-03 17:29:01,"(31.491558216108878, -103.10877460748398)"
9599.370611,2019-02-22 17:23:21,"(32.21775424891891, -101.89520723188316)"
10049.71633,2019-08-09 17:29:09,"(32.21792472964033, -101.89563689119706)"
20957.20298,2019-03-07 10:00:29,"(29.897727783921432, 9.202078730332012)"
10941.08346,2019-03-07 10:00:29,"(29.892317374395112, 9.199167821898495)"
6303.001681,2019-03-12 10:00:21,"(29.897908277813464, 9.202079094513083)"
18129.81955,2021-03-09 6:47:19,"(67.82071060846735, 77.05286495567002)"
1345.13455,2021-03-11 6:37:01,"(67.82075816904344, 77.04906944192714)"
12556.23846,2019-08-28 7:06:21,"(39.46515817741653, 53.56975893433779)"
3610.418921,2020-11-30 10:34:11,"(28.483278460297623, 1.5051049975596886)"
10298.99745,2020-12-05 10:34:19,"(28.483470158453713, 1.5061237635570164)"
5209.910215,2021-04-20 6:36:21,"(36.5499723517972, 61.56436446230328)"
4468.196223,2020-07-09 17:29:01,"(31.735825677175672, -102.03886693891832)"
14365.41283,2020-07-11 17:18:59,"(31.7326653327112, -102.04255460454341)"
11278.65702,2020-07-14 17:28:59,"(31.736420197815242, -102.04116914039962)"
10920.13504,2020-07-16 17:19:01,"(31.731944521869636, -102.04257752141525)"
6812.283269,2020-08-08 17:29:11,"(31.736420197815242, -102.04116914039962)"
5661.781867,2020-08-08 17:29:11,"(31.73230003058861, -102.04235521613319)"
3709.752294,2020-08-23 17:28:59,"(31.732154097356478, -102.04383687260245)"
9928.681048,2020-08-30 17:18:59,"(31.732855327995345, -102.04297057169074)"
8516.703499,2020-09-07 17:29:01,"(31.73392675145181, -102.04251449804197)"
4445.878754,2020-09-24 17:20:51,"(31.731944521869636, -102.04257752141525)"
5650.433103,2020-11-16 17:36:21,"(32.23364961247556, -103.91580619951533)"
12378.57446,2019-09-20 17:20:11,"(31.688434787310253, -101.96381745868217)"
4546.435578,2020-07-11 17:18:59,"(31.689510911835463, -101.9635714933115)"
8148.152007,2020-07-14 17:28:59,"(31.685496489957252, -101.9615934142554)"
15228.05858,2020-08-23 17:28:59,"(31.6961283092668, -101.97643247629783)"
10428.93473,2020-08-28 17:29:01,"(31.690216609759673, -101.96291579434136)"
7368.639778,2020-08-30 17:18:59,"(31.685526626928624, -101.96285776784416)"
11279.20941,2020-09-07 17:29:01,"(31.68825961677148, -101.964034062374)"
3519.374288,2020-09-24 17:20:51,"(31.687729083357564, -101.96447313750284)"
4850.930858,2020-09-27 17:31:11,"(31.685681704335394, -101.96179826489454)"
16383.19633,2019-03-15 6:46:31,"(66.26035870999502, 76.78167165104165)"
9637.395872,2019-04-29 6:46:29,"(66.30221631256619, 76.73065811395612)"
1035.765967,2019-09-24 10:20:21,"(31.61515595200644, 5.969946975256112)"
538.751917,2019-09-26 10:10:29,"(31.614099227994913, 5.9688597241545)"
859.7819839,2019-09-29 10:20:29,"(31.61462024084128, 5.969719214996543)"
835.0203444,2019-10-04 10:20:31,"(31.614215713860574, 5.971602962470492)"
2696.848058,2019-10-09 10:20:29,"(31.650098930334455, 5.901277797529368)"
2822.083602,2019-10-11 10:10:31,"(31.65907126302537, 5.9032435220405866)"
6685.450474,2019-10-14 10:20:31,"(31.659412498994197, 5.90409750822192)"
1982.317796,2019-10-19 10:20:29,"(31.655786153610958, 5.897027117675442)"
1761.116318,2019-10-21 10:10:41,"(31.657970791693, 5.904052629708541)"
11210.35234,2019-10-24 10:21:11,"(31.656452272708563, 5.907378720523275)"
609.4340671,2019-10-26 10:10:29,"(31.658525825309656, 5.903437387811298)"
3030.118498,2019-10-31 10:11:41,"(31.6657993073289, 5.908724334691952)"
2424.452769,2019-11-03 10:22:11,"(31.664242146598752, 5.913736220834001)"
2954.540306,2019-11-05 10:11:19,"(31.670744211323175, 5.9133067738480944)"
4610.087375,2019-11-13 10:23:01,"(31.658292821323997, 5.905749366145753)"
5932.169916,2019-11-18 10:22:19,"(31.660075744289774, 5.906648271816453)"
12684.15143,2019-11-20 10:13:21,"(31.66211090000678, 5.9043923624393955)"
6894.290922,2019-11-30 10:14:01,"(31.666404439475333, 5.897989471806893)"
2376.207687,2019-12-03 10:24:01,"(31.67506908389975, 5.8976261315144045)"
6300.871824,2019-12-05 10:13:09,"(31.6585802589571, 5.893107909480965)"
14397.44345,2019-12-08 10:23:19,"(31.663809459615756, 5.916885464213148)"
2951.792734,2019-12-10 10:14:11,"(31.65763435112178, 5.902987968866652)"
7148.70797,2019-12-13 10:24:21,"(31.65839136601745, 5.909336699193387)"
3206.075408,2019-12-15 10:13:29,"(31.659587913706, 5.904313810916312)"
4798.298883,2019-12-18 10:23:39,"(31.658288020107957, 5.905960055558261)"
6617.38447,2019-12-20 10:14:31,"(31.677394479522206, 5.922160711889293)"
4331.032453,2019-12-30 10:14:21,"(31.658734816321505, 5.902178850667608)"
4616.312682,2020-01-02 10:24:21,"(31.659900333885638, 5.906431963845781)"
1134.285049,2020-01-02 10:24:21,"(31.618039214822065, 5.970038617153516)"
6723.029438,2020-01-04 10:13:19,"(31.67092442291189, 5.913312404151819)"
4323.599613,2020-01-04 10:13:19,"(31.630402915842804, 5.981180996288253)"
18688.80608,2020-01-07 10:23:19,"(31.659607106318468, 5.9034710399986805)"
25302.3068,2020-01-07 10:23:19,"(31.616320447203726, 5.966401429805583)"
4461.889208,2020-01-14 10:12:59,"(31.659100038840737, 5.90197937115593)"
5097.53727,2020-01-17 10:22:49,"(31.657951596124093, 5.904895385421366)"
12123.46732,2020-01-19 10:13:31,"(31.666397604539846, 5.906212707871033)"
8923.039598,2020-01-22 10:23:21,"(31.65978252213305, 5.903687342082913)"
1464.237804,2020-01-27 10:22:09,"(31.657254735788626, 5.903819504226711)"
8082.631872,2020-01-29 10:12:51,"(31.659895531325432, 5.906642656757788)"
2560.753364,2020-02-01 10:22:41,"(31.641102588775425, 5.900365778656506)"
4005.721056,2020-02-06 10:21:09,"(31.659096998534892, 5.894178143276714)"
5445.232973,2020-02-11 10:21:41,"(31.64191917674991, 5.896175098389659)"
2929.604693,2020-02-16 10:20:19,"(31.65978252213305, 5.903687342082913)"
669.096748,2020-02-18 10:10:51,"(31.662182850713652, 5.901231882167422)"
6299.145962,2020-02-23 10:09:19,"(31.659479643503712, 5.901147811467629)"
1881.806401,2020-02-26 10:19:09,"(31.64628567550658, 5.902424134084343)"
7153.448644,2020-02-28 10:10:21,"(31.659583114684914, 5.904524503520041)"
8260.752925,2020-03-02 10:20:21,"(31.6751145137126, 5.919347862378312)"
646.461043,2020-03-04 10:10:19,"(31.65739175547046, 5.905721301982775)"
3315.898974,2020-03-07 10:17:59,"(31.65925627342821, 5.903038438263907)"
4650.043461,2020-03-12 10:20:21,"(31.662480924601283, 5.903982186551123)"
9917.946188,2020-03-14 10:10:19,"(31.658648446340223, 5.905971282386715)"
2380.060801,2020-03-22 10:20:21,"(31.656809978159835, 5.899588942585532)"
13351.98547,2020-03-24 10:06:49,"(31.66392931172769, 5.895804042511195)"
3456.377262,2020-03-27 10:16:29,"(31.659809025872526, 5.9104351205663965)"
5870.285353,2020-04-01 10:20:21,"(31.66230550976128, 5.9037658772728285)"
1336.153026,2020-04-06 10:15:59,"(31.664605080152622, 5.905735146837224)"
4033.224034,2020-04-08 10:10:21,"(31.662055350770867, 5.898908588849087)"
9674.411908,2020-04-11 10:20:21,"(31.65841753108395, 5.900271423776643)"
4356.459015,2020-04-18 10:10:31,"(31.659996312179597, 5.902218095044908)"
1874.770831,2020-04-21 10:20:21,"(31.667401987421737, 5.909617757331965)"
3302.348377,2020-04-23 10:05:49,"(31.65232377825924, 5.898606230829944)"
1629.023951,2020-04-26 10:15:49,"(31.65705532878332, 5.90465664304784)"
3050.292386,2020-04-28 10:10:31,"(31.66427538297693, 5.896447346860088)"
135.5699772,2020-05-01 10:20:31,"(31.658521027878898, 5.903648078182475)"
2263.61089,2020-05-03 10:05:49,"(31.65815100512661, 5.904058239346773)"
953.1294129,2020-05-06 10:15:59,"(31.661452406944267, 5.901630856986714)"
1847.458813,2020-05-11 10:20:31,"(31.657278720030842, 5.902766066314928)"
1390.788958,2020-05-11 10:20:31,"(31.651483104096197, 5.903850716207546)"
1446.027266,2020-05-13 10:05:59,"(31.665325932023787, 5.905757604492848)"
3132.285601,2020-05-16 10:15:59,"(31.658833460764267, 5.905766205247109)"
472.6472248,2020-05-18 10:10:31,"(31.654106764733157, 5.899504937064906)"
2123.362813,2020-05-21 10:20:31,"(31.654465126646862, 5.9075276313637834)"
570.7482113,2020-05-26 10:15:59,"(31.65787209688099, 5.9004653062659935)"
2905.97476,2020-05-28 10:10:31,"(31.659104833594824, 5.90176867916598)"
856.6470625,2020-05-31 10:20:31,"(31.655457397754663, 5.903552733248837)"
1691.926848,2020-06-02 10:05:59,"(31.655103573338636, 5.895319263837195)"
2988.231662,2020-06-05 10:15:59,"(31.656723689816047, 5.9033813048529415)"
1656.817604,2020-06-07 10:10:31,"(31.66483572716584, 5.911435378638067)"
2108.147884,2020-06-10 10:20:31,"(31.65620702881428, 5.902311054697907)"
3249.826872,2020-06-12 10:05:59,"(31.659080856352556, 5.902822138613353)"
2076.567619,2020-06-15 10:15:59,"(31.6496617778898, 5.904637321784172)"
907.311521,2020-06-17 10:10:31,"(31.66812031070515, 5.90183830228915)"
2170.221808,2020-06-20 10:20:31,"(31.655752640967485, 5.898501914338988)"
70.18693187,2020-06-22 10:05:59,"(31.65535389172539, 5.900176190010509)"
3473.007932,2020-06-25 10:15:59,"(31.66282888058998, 5.896613279384252)"
2618.310686,2020-06-30 10:20:31,"(31.65891982510118, 5.901973765322399)"
970.6435175,2020-07-02 10:05:59,"(31.66175768750563, 5.911971843157611)"
2549.889493,2020-07-05 10:15:59,"(31.658564192257455, 5.901751863032896)"
1746.585465,2020-07-07 10:10:31,"(31.659635884821498, 5.902206882114487)"
3153.028022,2020-07-10 10:20:31,"(31.6578912631535, 5.89962254795561)"
3057.879285,2020-07-12 10:05:59,"(31.663405981082203, 5.902956732631728)"
785.9168974,2020-07-17 10:10:31,"(31.65912880215749, 5.90071521846285)"
3963.916724,2020-07-20 10:20:31,"(31.658592952886895, 5.900487717339367)"
2301.252259,2020-07-22 10:05:59,"(31.660166934202575, 5.902645090181612)"
6466.17744,2020-07-25 10:15:59,"(31.659261069951803, 5.902827746119555)"
1446.332488,2020-07-27 10:10:31,"(31.666810841892854, 5.903906143190844)"
9365.913768,2020-07-30 10:20:31,"(31.65940958997791, 5.896296264739181)"
3701.566588,2020-08-01 10:05:59,"(31.658701241361737, 5.903653687160319)"
4726.823431,2020-08-09 10:20:31,"(31.658682048032542, 5.904496449764752)"
399915.4638,2019-09-06 7:36:11,"(62.95035520173618, 62.01697241577844)"
3100.016176,2019-06-30 17:29:09,"(32.401018282263955, -103.38793793510136)"
2556.204249,2019-07-10 17:29:09,"(32.400321332469275, -103.38986402418745)"
9477.501025,2019-07-20 17:29:09,"(32.403335654704065, -103.38577033626605)"
1580.051634,2017-10-12 10:30:09,"(32.84149609261034, 3.2426586241402355)"
3847.877396,2017-11-06 10:32:21,"(32.84041238466074, 3.2432968109297926)"
6275.982108,2017-11-26 10:33:51,"(32.84113527155056, 3.242657642423167)"
2748.371144,2017-12-01 10:33:59,"(32.8405936253813, 3.242869880946481)"
3432.02669,2017-12-01 10:33:59,"(32.83571711745875, 3.245634709911636)"
3801.033426,2017-12-16 10:34:31,"(32.84185400406242, 3.244155604427495)"
9848.976029,2017-12-21 10:34:29,"(32.83807077104127, 3.24136706835659)"
5455.795772,2017-12-26 10:34:31,"(32.84113402680865, 3.243298779498783)"
3129.655639,2018-01-05 10:34:21,"(32.841660493391636, 3.2507802309637737)"
4341.895585,2018-01-25 10:33:21,"(32.84221938928237, 3.241805727756175)"
2885.991727,2018-02-04 10:32:21,"(32.84095444646667, 3.242870863501837)"
2125.743487,2018-02-14 10:31:31,"(32.84113527155056, 3.242657642423167)"
1926.452365,2018-02-14 10:31:31,"(32.835526108131184, 3.2509766843505163)"
1599.642714,2018-02-19 10:30:49,"(32.84221440791972, 3.2443703071579475)"
4517.595057,2018-06-04 10:30:21,"(32.83950991624039, 3.2435080587766523)"
7202.797701,2018-06-24 10:30:21,"(32.841495263135926, 3.2430860505908847)"
2424.826855,2018-07-04 10:30:21,"(32.842940204701016, 3.2422351177985034)"
3276.301134,2018-09-02 10:30:21,"(32.8420369095976, 3.2428738112731255)"
105.2749759,2018-09-02 10:30:21,"(32.840233218809864, 3.2426551882071513)"
2394.033314,2018-09-07 10:30:19,"(32.84113568573467, 3.2424439300558627)"
8796.760572,2018-10-02 10:30:21,"(32.837350773987325, 3.2405103023551893)"
3460.434311,2018-10-22 10:30:51,"(32.84131568208306, 3.2426581332795106)"
2750.525114,2018-11-21 10:33:31,"(32.84185649908883, 3.2428733199669497)"
2427.260761,2018-12-26 10:34:39,"(32.841503899812224, 3.238598071989541)"
4986.619554,2018-12-31 10:34:31,"(32.839695290176024, 3.2409440443350896)"
12457.24402,2019-01-05 10:34:29,"(32.838251181679446, 3.2413675565450997)"
5138.81599,2019-01-10 10:34:11,"(32.83896660098371, 3.2445751169117765)"
4320.21182,2019-01-15 10:33:59,"(32.840959396935595, 3.2403063200459865)"
3957.900162,2019-02-09 10:32:01,"(32.83896366872795, 3.2460710667715458)"
4322.792159,2019-02-19 10:30:51,"(32.839876522897754, 3.2405171129414323)"
2938.850686,2019-03-01 10:30:21,"(32.84095403155554, 3.243084575428086)"
1392.119895,2019-03-16 10:30:19,"(32.84185732784474, 3.2424458917783197)"
2708.883722,2019-04-30 10:30:31,"(32.839514879573905, 3.240943556976247)"
5294.754828,2019-05-05 10:30:29,"(32.838250769365345, 3.241581262018057)"
5074.94513,2019-06-29 10:30:31,"(32.842581035431486, 3.241379274376386)"
1828.906539,2019-07-19 10:30:31,"(32.84113733882178, 3.2415890805429193)"
3311.770028,2019-07-29 10:30:31,"(32.8438418432172, 3.2424512868761517)"
3070.786454,2019-08-03 10:30:29,"(32.84131526753117, 3.2428718460747294)"
1848.746998,2019-08-08 10:30:31,"(32.8429389620633, 3.2428762678697685)"
3406.088365,2019-09-17 10:30:21,"(32.84420266412621, 3.2424522678599295)"
3362.403473,2019-09-22 10:30:19,"(32.84401892961789, 3.244161531518806)"
3829.536988,2019-09-27 10:30:21,"(32.842939376640835, 3.2426625511837264)"
10333.08904,2019-10-02 10:30:19,"(32.84095486101286, 3.2426571515712035)"
8779.509103,2019-10-07 10:30:21,"(32.84113485700152, 3.242871354786091)"
2609.819786,2019-10-12 10:30:29,"(32.84203897876458, 3.2418052386071845)"
2751.577446,2019-11-01 10:30:59,"(32.84113568573467, 3.2424439300558627)"
10222.28125,2019-11-26 10:33:51,"(32.84113444208755, 3.243085067144631)"
5913.55333,2019-12-11 10:33:29,"(32.84131568208306, 3.2426581332795106)"
1692.331961,2019-12-16 10:34:31,"(32.84203773835923, 3.242446382219875)"
4250.899835,2020-01-05 10:34:21,"(32.84131939662799, 3.2407347179258923)"
1944.859745,2020-01-15 10:34:01,"(32.84185566887312, 3.2433007481380436)"
4325.975215,2020-01-30 10:31:59,"(32.84113527155056, 3.242657642423167)"
2718.937054,2020-02-09 10:30:59,"(32.839695701418066, 3.2407303353911012)"
6963.431132,2020-02-14 10:31:21,"(32.84131609627001, 3.242444420479912)"
1977.173847,2020-02-19 10:29:49,"(32.84113527155056, 3.242657642423167)"
4237.807257,2020-02-24 10:30:21,"(32.84131568208306, 3.2426581332795106)"
2482.570981,2020-04-04 10:30:21,"(32.841317336641275, 3.2418032820548723)"
3748.030391,2020-04-24 10:30:21,"(32.84149650680014, 3.242444910908338)"
4389.124693,2020-04-29 10:25:59,"(32.838250769365345, 3.241581262018057)"
2460.918669,2020-05-04 10:30:31,"(32.84294061818367, 3.2420214010993305)"
1489.997676,2020-07-03 10:30:31,"(32.84222227080824, 3.2403097228144344)"
3187.035844,2020-08-02 10:30:31,"(32.839695290176024, 3.2409440443350896)"
990.7404621,2020-08-07 10:25:59,"(32.84149650680014, 3.242444910908338)"
2015.080961,2020-08-17 10:25:59,"(32.84113527155056, 3.242657642423167)"
8154.179411,2019-12-22 17:37:31,"(32.278875151854976, -104.16990337264184)"
6854.338911,2019-04-06 6:36:29,"(36.47362504660903, 61.45639247281169)"
22425.1052,2019-04-11 6:36:31,"(36.4749098050214, 61.45815282808666)"
12638.39812,2019-05-26 6:36:39,"(36.47218602161537, 61.45664423621008)"
6137.089171,2019-06-10 6:36:31,"(36.47255515797978, 61.4573065852763)"
2519.577113,2019-06-20 6:36:31,"(36.47185727152888, 61.45910618739768)"
3217.240994,2019-06-30 6:36:31,"(36.47276999300874, 61.45998101163953)"
3192.36275,2019-08-19 6:36:31,"(36.47273539705094, 61.45730301255692)"
4396.714038,2019-09-13 6:36:29,"(36.472389340996244, 61.458425985196584)"
5701.998312,2019-09-18 6:36:31,"(36.47490115097297, 61.45748331006013)"
6893.466153,2019-09-28 6:36:31,"(36.472386457411794, 61.45820281968658)"
710.4377084,2019-10-03 6:37:09,"(36.47273251134317, 61.45707984617297)"
4042.172199,2019-10-08 6:37:51,"(36.472389340996244, 61.458425985196584)"
5633.751927,2019-11-07 6:40:51,"(36.477404287431234, 61.455871032324666)"
8693.908393,2019-12-22 6:42:59,"(36.47650886929573, 61.456335269394806)"
8117.590576,2020-03-01 6:38:09,"(36.47710149547785, 61.46034176398069)"
59087.60154,2020-05-05 6:36:31,"(36.43296274271707, 61.476831847818175)"
3536.21936,2020-05-30 6:36:29,"(36.46985445621004, 61.45758333041225)"
2125.215159,2020-06-04 6:36:31,"(36.47198267583566, 61.45486249748558)"
2412.463022,2020-06-09 6:36:29,"(36.472552272290876, 61.45708341940866)"
1273.071813,2020-06-14 6:36:31,"(36.47271807654749, 61.45596401472952)"
1398.31791,2020-06-19 6:36:29,"(36.471467951863445, 61.456881695418055)"
2761.676562,2020-06-24 6:36:31,"(36.46950263019046, 61.45825994532872)"
1890.884198,2020-06-29 6:36:29,"(36.47220910181922, 61.45842955527085)"
4642.581311,2020-07-04 6:36:31,"(36.47129925418263, 61.457777918025094)"
1628.714862,2020-07-14 6:36:31,"(36.455757423948135, 61.4136740931999)"
3862.20841,2020-07-24 6:36:31,"(36.46971456281286, 61.46071111238008)"
895.6832137,2020-07-29 6:36:29,"(36.470014491574624, 61.45601764865336)"
3287.446258,2020-08-03 6:36:31,"(36.47130502237652, 61.45822424275419)"
1894.162579,2020-08-08 6:36:29,"(36.47005487876133, 61.45914187027249)"
2265.281682,2020-08-13 6:36:31,"(36.471822656681255, 61.456428220817365)"
5155.669708,2020-09-22 6:36:31,"(36.471273276663815, 61.45576945831567)"
3422.063978,2020-10-22 6:39:31,"(36.44002954070127, 61.46553720825622)"
3144.330868,2020-11-01 6:40:31,"(36.474377737895786, 61.45883305476064)"
6007.053851,2020-11-06 6:40:49,"(36.47650886929573, 61.456335269394806)"
3069.624911,2020-11-11 6:41:21,"(36.472389340996244, 61.458425985196584)"
13278.46737,2021-01-15 6:42:19,"(36.48374439754062, 61.45820100654926)"
6707.526924,2021-01-30 6:41:21,"(36.47474398092052, 61.459272260551714)"
6070.474318,2021-02-09 6:40:21,"(36.47710149547785, 61.46034176398069)"
6557.384985,2021-03-11 6:37:01,"(36.47614839154051, 61.4563424202667)"
4891.841291,2021-03-31 6:36:21,"(36.474517577410204, 61.45570508345152)"
3137.147986,2021-04-10 6:36:21,"(36.47343036621188, 61.45528020646154)"
2633.541903,2021-04-15 6:36:19,"(36.4672211944261, 61.44915361835112)"
9211.422467,2021-04-20 6:36:21,"(36.47239222416358, 61.4586491507383)"
1111.507422,2021-04-25 6:36:19,"(36.473616382945586, 61.45572296639111)"
3042.099328,2021-05-10 6:36:31,"(36.47292140631828, 61.45774577370165)"
2814.254602,2021-05-15 6:36:29,"(36.47239222416358, 61.4586491507383)"
2698.661039,2021-05-20 6:36:31,"(36.47167703227803, 61.459109755827846)"
1997.907605,2017-12-27 6:43:01,"(36.47487288708653, 61.601468446974216)"
588.0214673,2017-12-27 6:43:01,"(36.41491592204444, 61.56261627174757)"
2027.726088,2018-01-01 6:42:49,"(36.47505313776332, 61.60146520777609)"
1032.185184,2018-06-05 6:36:31,"(36.483547233404224, 61.650206378185786)"
725.7654792,2018-06-10 6:36:29,"(36.42655364458808, 61.570879324690296)"
3296.18859,2018-06-15 6:36:31,"(36.49130573113188, 61.65074159424765)"
1211.475847,2018-06-25 6:36:31,"(36.490965408526364, 61.652533750631676)"
2025.877679,2018-06-25 6:36:31,"(36.419542576134354, 61.572569345492475)"
1318.563851,2018-06-30 6:36:29,"(36.43134276097251, 61.564321385602526)"
218.5202381,2018-07-05 6:36:31,"(36.41823008669131, 61.56835502498633)"
580.6247202,2018-07-15 6:36:31,"(36.408308316143426, 61.567867996949765)"
392.905866,2018-07-20 6:36:29,"(36.41926069459003, 61.564097706358005)"
1995.079642,2018-07-25 6:36:31,"(36.42799604246828, 61.55590528207392)"
175.5116318,2018-08-04 6:36:31,"(36.48264848791274, 61.65044522824865)"
1414.134036,2018-08-09 6:36:19,"(36.492397350974095, 61.65161579960766)"
790.4371121,2018-08-14 6:36:31,"(36.4774438180334, 61.652544680673294)"
321.8953467,2018-08-14 6:36:31,"(36.41889214665125, 61.563435275070994)"
1361.728249,2018-08-24 6:36:21,"(36.48137660624833, 61.649574273344236)"
1051.633845,2018-09-23 6:36:21,"(36.48354470779683, 61.649983161769796)"
524.8831063,2018-09-23 6:36:21,"(36.41141854584762, 61.556658344618256)"
1051.31654,2018-09-28 6:36:29,"(36.416209858609164, 61.565269202113036)"
1204.530215,2018-10-03 6:37:11,"(36.48248589770887, 61.65201084906902)"
272.5135797,2018-10-03 6:37:11,"(36.41319110957001, 61.56911668775204)"
1583.98921,2018-10-18 6:38:49,"(36.483181673615626, 61.649766202013275)"
3261.842814,2019-09-28 6:36:31,"(36.410370954808904, 61.58968888458682)"
836.0330703,2020-06-04 6:36:31,"(36.421017524417564, 61.56027302136847)"
502.5918468,2020-06-04 6:36:31,"(36.41246208975745, 61.56846089860853)"
1597.006205,2020-06-09 6:36:29,"(36.41871189724422, 61.56343859552641)"
1059.541597,2020-06-09 6:36:29,"(36.41103879535649, 61.57004837010388)"
2683.243023,2020-08-08 6:36:29,"(36.41798821580181, 61.56322885662194)"
568.5323113,2020-08-08 6:36:29,"(36.418318115393284, 61.57571475406113)"
1978.289795,2020-09-12 6:36:31,"(36.42125684601814, 61.565176345147584)"
1601.246496,2020-10-02 6:37:11,"(36.421076596544964, 61.56517966186561)"
3160.547212,2020-10-12 6:38:21,"(36.421262206252905, 61.565622405112904)"
1095.142942,2020-10-17 6:38:49,"(36.421259526343725, 61.5653993751155)"
2377.706139,2020-12-06 6:42:49,"(36.42125684601814, 61.565176345147584)"
1082.947057,2020-12-06 6:42:49,"(36.41331514141453, 61.564430223931254)"
4077.47926,2017-10-08 6:40:11,"(36.6252205024946, 61.695828627154505)"
2874.685438,2017-12-27 6:43:01,"(36.61310432995699, 61.676129264163684)"
7865.406072,2018-01-26 6:41:31,"(36.62543743091745, 61.69918002661642)"
3250.663081,2018-02-10 6:40:09,"(36.62899356967697, 61.69464664245794)"
1380.260528,2018-06-05 6:36:31,"(36.64663940140272, 61.72589507791724)"
1646.484889,2018-06-05 6:36:31,"(36.634249570970226, 61.7305730605118)"
2607.829252,2018-06-05 6:36:31,"(36.624855099113425, 61.69538744697078)"
708.534021,2018-06-05 6:36:31,"(36.5892538013249, 61.67139479708925)"
17522.84222,2018-08-24 6:36:21,"(36.62450927884263, 61.696735281440056)"
819.0511136,2018-08-29 6:36:19,"(36.64573573512172, 61.725686235078214)"
3298.692163,2018-09-03 6:36:21,"(36.64467094898419, 61.72726986531572)"
4220.535813,2018-09-13 6:36:21,"(36.62252649291841, 61.69676866558336)"
7126.187466,2018-09-18 6:36:19,"(36.62397830119381, 61.69763888617752)"
3435.541963,2018-10-03 6:37:11,"(36.62146208570445, 61.6983521974089)"
2176.745509,2018-10-03 6:37:11,"(36.61126799743885, 61.70590334113386)"
2930.566579,2018-10-03 6:37:11,"(36.60159943497906, 61.728872274427275)"
3354.375797,2018-10-03 6:37:11,"(36.58770271457526, 61.761740353102624)"
8608.400235,2018-10-08 6:37:39,"(36.62361534969256, 61.69742132802794)"
4991.719363,2019-01-16 6:42:19,"(36.627390882996046, 61.69646308212545)"
5979.10994,2019-07-30 6:36:31,"(36.62196859943856, 61.69521243650892)"
1799.292946,2019-08-19 6:36:31,"(36.6243241319837, 61.69629106475356)"
2538.457629,2019-09-03 6:36:29,"(36.62503045345366, 61.69493715312723)"
4342.851708,2019-09-08 6:36:31,"(36.623958730319885, 61.69584988731443)"
7783.776844,2019-09-18 6:36:31,"(36.62540565113127, 61.69627284776158)"
6306.908934,2019-11-17 6:41:41,"(36.624869785300426, 61.6967292112451)"
1568.175217,2019-12-22 6:42:59,"(36.60341472159108, 61.6966430690276)"
9600.157751,2019-12-27 6:43:01,"(36.604323325340864, 61.69729860835428)"
21546.14827,2020-03-01 6:38:09,"(36.618138060283606, 61.74134884519737)"
647.9319952,2020-06-09 6:36:29,"(36.63312967013282, 61.67735256529378)"
1104.527525,2020-06-14 6:36:31,"(36.62521070654047, 61.694934113798766)"
916.9658837,2020-06-14 6:36:31,"(36.61177958811653, 61.70321121946579)"
1122.96931,2020-06-19 6:36:29,"(36.64663940140272, 61.72589507791724)"
1627.549006,2020-06-19 6:36:29,"(36.624850051481125, 61.72826687256788)"
2354.171268,2020-06-24 6:36:31,"(36.644666167700926, 61.72682249061467)"
3071.553185,2020-06-24 6:36:31,"(36.623609730368365, 61.730300243611154)"
2703.788476,2020-06-24 6:36:31,"(36.620184872186925, 61.730356418442426)"
907.8111682,2020-06-29 6:36:29,"(36.609922191011044, 61.7316428225074)"
1303.664157,2020-06-29 6:36:29,"(36.599799257075475, 61.72912540876831)"
3617.40571,2020-07-19 6:36:29,"(36.61762796469747, 61.74426457350303)"
3379.831494,2020-08-08 6:36:29,"(36.62503030693828, 61.72826391086681)"
1132.057248,2020-08-28 6:36:29,"(36.65600489936102, 61.708287530165656)"
2829.178268,2020-08-28 6:36:29,"(36.61425926923662, 61.699144205609464)"
5327.934101,2020-09-17 6:36:29,"(36.622734642835276, 61.732774894827195)"
9082.86945,2020-11-06 6:40:49,"(36.650967091295826, 61.676376292062756)"
3538.955752,2020-11-16 6:41:39,"(36.64681726289443, 61.725668414882236)"
9383.77059,2019-08-04 17:29:01,"(31.400848016880126, -103.43220551278318)"
19935.21451,2020-10-07 17:32:11,"(31.583302367413832, -102.15978358999317)"
10278.6871,2020-10-09 17:21:39,"(31.584383721226484, -102.15975076650162)"
5620.637389,2020-11-06 17:35:31,"(31.583676866179164, -102.1604042496825)"
12501.79234,2019-08-04 17:29:01,"(31.401564413088725, -103.43177290392866)"
20906.20074,2020-08-31 17:39:11,"(40.1222913229244, -104.38796473712219)"
2332.312597,2018-11-27 17:36:41,"(31.95364305137637, -103.66961674549547)"
23712.20963,2020-07-01 6:26:31,"(38.825556242604826, 64.8644747960845)"
5156.939818,2021-01-20 6:42:11,"(36.568727376745855, 61.6737580605153)"
3774.211398,2021-04-20 6:36:21,"(36.56748051331244, 61.67512039532455)"
1346.764549,2021-05-10 6:36:31,"(36.566912407963244, 61.67267159127362)"
800.9104673,2021-05-15 6:36:29,"(36.60622745178664, 61.75741916841546)"
2455.074802,2019-05-10 8:46:01,"(31.099861919738768, 26.692030695398703)"
1629.709642,2020-05-04 8:46:01,"(31.09968196149856, 26.69224099161732)"
4117.276931,2021-03-10 8:48:01,"(31.075835361375145, 26.68162501272086)"
2391.087345,2021-03-15 8:47:19,"(31.075653865907903, 26.681206292093695)"
3223.447465,2021-04-24 8:45:59,"(31.07619472618082, 26.680994823460725)"
2071.292495,2021-05-14 8:45:59,"(31.073301647550934, 26.67869824985606)"
2302.731159,2021-05-24 8:45:59,"(31.073125355576426, 26.68037609987388)"
2280.374594,2021-05-29 8:46:01,"(31.073132081462738, 26.683101620805203)"
1614.835986,2021-06-08 8:46:01,"(31.075835361375145, 26.68162501272086)"
2002.354377,2021-07-28 8:46:01,"(31.098773633337142, 26.689727357371314)"
1653.789514,2021-08-07 8:46:01,"(31.099495974244757, 26.689934724498837)"
1816.076313,2021-08-12 8:45:59,"(31.097874862698347, 26.69119825994405)"
1173.968337,2021-08-17 8:46:01,"(31.09949647850952, 26.690144438015245)"
4751.958373,2020-11-06 17:35:31,"(32.04853298510787, -104.04975731689858)"
6445.966774,2019-01-26 17:36:11,"(31.720328733636485, -103.79327555847954)"
3645.077671,2018-01-17 10:23:39,"(31.646578026276256, 5.857529717174018)"
1014.969562,2018-06-11 10:20:21,"(31.670394585837556, 5.8890461694602605)"
512.9763564,2018-06-16 10:20:19,"(31.669380107299244, 5.88606262119824)"
1820.010577,2018-07-28 10:10:31,"(31.629206515994593, 5.868169294655793)"
2519.737952,2018-07-31 10:20:21,"(31.630463320033847, 5.868418668514561)"
1795.30392,2018-08-02 10:10:19,"(31.630477525575163, 5.867786767396802)"
814.7824987,2018-08-10 10:20:21,"(31.630458584159747, 5.8686293021212705)"
2466.423207,2018-08-15 10:20:19,"(31.63121269406577, 5.875186659204022)"
3321.881033,2019-07-21 10:20:29,"(31.670048478378064, 5.888402845440789)"
954.6155052,2019-07-26 10:20:31,"(31.670228693969737, 5.888408427503808)"
1500.814756,2019-07-28 10:10:29,"(31.668104284297524, 5.886655726472391)"
1033.987271,2019-08-07 10:10:29,"(31.67021914523869, 5.888829866637735)"
2098.514701,2019-08-12 10:10:31,"(31.67003415486076, 5.889035002849089)"
1538.631389,2019-08-15 10:20:31,"(31.672458088430126, 5.885525268436393)"
1713.828171,2019-08-22 10:10:31,"(31.669394415827206, 5.88543046656017)"
940.0371563,2019-09-01 10:10:31,"(31.66950305750903, 5.888596817520425)"
824.6194551,2019-09-09 10:20:29,"(31.6715045241373, 5.887815335746304)"
943.4117645,2019-09-19 10:20:19,"(31.67254284314834, 5.8897453473345776)"
808.6985323,2019-09-24 10:20:21,"(31.67057002601623, 5.889262473094495)"
1331.317706,2019-09-29 10:20:29,"(31.670228693969737, 5.888408427503808)"
3006.650508,2019-10-01 10:10:31,"(31.669498283103554, 5.888807535439001)"
4738.987205,2019-10-09 10:20:29,"(31.65830242271457, 5.905327987169847)"
5146.029901,2019-10-11 10:10:31,"(31.65829958348696, 5.897526842746459)"
7264.084914,2019-10-14 10:20:31,"(31.659412498994197, 5.90409750822192)"
2732.058769,2019-10-16 10:10:29,"(31.65877316687339, 5.9004933202332275)"
5207.152876,2019-10-19 10:20:29,"(31.657985184724428, 5.903420562396097)"
5328.449441,2019-10-21 10:10:41,"(31.657785779915535, 5.9042577087186165)"
11869.57877,2019-10-24 10:21:11,"(31.658297622192872, 5.905538676682947)"
3980.343611,2019-10-26 10:10:29,"(31.65848263593456, 5.905333599342156)"
3303.932841,2019-10-29 10:20:39,"(31.65758156977478, 5.905305538983509)"
5539.617602,2019-10-31 10:11:41,"(31.65937410015065, 5.905783044801155)"
5424.232544,2019-11-03 10:22:11,"(31.660952790003652, 5.9077298238385785)"
5382.741671,2019-11-13 10:23:01,"(31.658292821323997, 5.905749366145753)"
4291.856898,2019-11-18 10:22:19,"(31.659890728418024, 5.906853349619479)"
11982.20646,2019-11-20 10:13:21,"(31.6592082890972, 5.905145356942933)"
18250.19836,2019-11-30 10:14:01,"(31.659013673899054, 5.905771818381491)"
8005.705249,2019-12-03 10:24:01,"(31.659393302349898, 5.9049402769138215)"
14800.7239,2019-12-05 10:13:09,"(31.65795970331822, 5.888661036997021)"
4818.609933,2019-12-08 10:23:19,"(31.66398485044293, 5.917101800080125)"
4273.398052,2019-12-10 10:14:11,"(31.656846314939422, 5.905915150256475)"
5312.616058,2019-12-13 10:24:21,"(31.658458629686255, 5.906387048432623)"
4874.921963,2019-12-15 10:13:29,"(31.659549511816067, 5.9059993503381385)"
6083.166598,2019-12-18 10:23:39,"(31.658288020107957, 5.905960055558261)"
9423.843942,2019-12-20 10:14:31,"(31.66058755968731, 5.907929283444597)"
12864.35384,2019-12-23 10:24:31,"(31.65665169694317, 5.906541594305431)"
7227.624155,2019-12-25 10:13:29,"(31.658444221771223, 5.907019117283224)"
10598.11724,2019-12-28 10:23:39,"(31.65740135652486, 5.9052999270626465)"
7224.402296,2019-12-30 10:14:21,"(31.658667649390303, 5.905128521190183)"
7558.53607,2020-01-04 10:13:19,"(31.659184283912357, 5.906198814396841)"
30603.10671,2020-01-07 10:23:19,"(31.65865804855961, 5.905549901889038)"
11759.65501,2020-01-14 10:12:59,"(31.6584874361427, 5.905122909373176)"
6289.853823,2020-01-17 10:22:49,"(31.658667649390303, 5.905128521190183)"
8080.780964,2020-01-19 10:13:31,"(31.659729724893264, 5.906004964079334)"
6378.175469,2020-01-22 10:23:21,"(31.67238981610906, 5.896488508672639)"
3677.218881,2020-01-24 10:12:19,"(31.658297622192872, 5.905538676682947)"
4460.894355,2020-01-27 10:22:09,"(31.656315276747687, 5.905476941645384)"
11377.62181,2020-01-29 10:12:51,"(31.659530302538638, 5.906842118841869)"
6423.189532,2020-02-01 10:22:41,"(31.657216342948956, 5.905505002271717)"
8369.164275,2020-02-06 10:21:09,"(31.658710835943275, 5.903232305556516)"
9387.604817,2020-02-11 10:21:41,"(31.65883826173399, 5.905555514567526)"
6344.391226,2020-02-16 10:20:19,"(31.659597510706615, 5.903892425558032)"
6586.468229,2020-02-18 10:10:51,"(31.659198688064805, 5.905566740075388)"
3887.70191,2020-02-23 10:09:19,"(31.659479643503712, 5.901147811467629)"
2249.258349,2020-02-26 10:19:09,"(31.654532341076504, 5.904578099876433)"
12073.24486,2020-02-28 10:10:21,"(31.659383701944638, 5.905361660958074)"
962.5484043,2020-02-28 10:10:21,"(31.671869728522736, 5.887615774842541)"
9758.203989,2020-03-02 10:20:21,"(31.659193887027833, 5.905777431566173)"
6104.259477,2020-03-04 10:10:19,"(31.681598034820563, 5.864086056252742)"
5883.638344,2020-03-04 10:10:19,"(31.67068539909074, 5.868179114323023)"
3686.794486,2020-03-04 10:10:19,"(31.656471483865047, 5.9065359802026975)"
7195.556125,2020-03-07 10:17:59,"(31.65811260816528, 5.9057437532125645)"
8009.142617,2020-03-09 10:10:21,"(31.658458629686255, 5.906387048432623)"
4907.478664,2020-03-12 10:20:21,"(31.661200234611215, 5.90478569965128)"
10053.02669,2020-03-14 10:10:19,"(31.658648446340223, 5.905971282386715)"
4756.899413,2020-03-19 10:10:21,"(31.658816284684914, 5.898597094653741)"
4793.020978,2020-03-22 10:20:21,"(31.6584874361427, 5.905122909373176)"
8297.686609,2020-03-24 10:06:49,"(31.65903287582937, 5.904929053739002)"
7427.545619,2020-04-01 10:20:21,"(31.662665936469523, 5.9037770973899715)"
5587.298659,2020-04-06 10:15:59,"(31.659193887027833, 5.905777431566173)"
7125.355684,2020-04-11 10:20:21,"(31.65763435112178, 5.902987968866652)"
4259.444095,2020-04-18 10:10:31,"(31.65886226137499, 5.904502060415255)"
5740.250956,2020-04-21 10:20:21,"(31.659350089589964, 5.906836503528541)"
7336.296245,2020-04-23 10:05:49,"(31.656495489999916, 5.905482553670069)"
2089.789579,2020-04-26 10:15:49,"(31.655940447888362, 5.906097770167455)"
5484.075005,2020-04-28 10:10:31,"(31.659412498994197, 5.90409750822192)"
6674.607478,2020-05-01 10:20:31,"(31.658473034476742, 5.905754979129241)"
767.1174238,2020-05-03 10:05:49,"(31.669901671929733, 5.8869222305655535)"
3840.262407,2020-05-03 10:05:49,"(31.6584874361427, 5.905122909373176)"
2724.695533,2020-05-06 10:15:59,"(31.661452406944267, 5.901630856986714)"
7687.369076,2020-05-11 10:20:31,"(31.65812220948861, 5.9053223750478265)"
5706.452885,2020-05-13 10:05:59,"(31.66790895438561, 5.911109597011097)"
7051.974342,2020-05-16 10:15:59,"(31.658653247623498, 5.905760592163025)"
2305.627232,2020-05-18 10:10:31,"(31.67003892971388, 5.888824283763014)"
7111.298971,2020-05-18 10:10:31,"(31.653731964305987, 5.900125778007448)"
969.5095786,2020-05-21 10:20:31,"(31.66986348865541, 5.888607982208062)"
4940.242118,2020-05-21 10:20:31,"(31.654645339622686, 5.907533246940697)"
4118.986768,2020-05-23 10:05:59,"(31.65831202271647, 5.9049066079927774)"
2367.897172,2020-05-26 10:15:59,"(31.657615162764948, 5.903830722340157)"
8093.267579,2020-05-28 10:10:31,"(31.658696443550195, 5.90386437788683)"
4314.419836,2020-05-31 10:20:31,"(31.655457397754663, 5.903552733248837)"
4696.972667,2020-06-02 10:05:59,"(31.656396832118823, 5.901895288927305)"
5017.512493,2020-06-07 10:10:31,"(31.6616399988586, 5.909227169303127)"
6726.649288,2020-06-10 10:20:31,"(31.6584874361427, 5.905122909373176)"
4151.688557,2020-06-12 10:05:59,"(31.659080856352556, 5.902822138613353)"
3549.946586,2020-06-15 10:15:59,"(31.64945756993606, 5.9056850611048475)"
5778.329088,2020-06-17 10:10:31,"(31.66335319172634, 5.9052744460845)"
1414.995972,2020-06-17 10:10:31,"(31.670214370352156, 5.889040586129661)"
8450.377415,2020-06-20 10:20:31,"(31.656903903392344, 5.903386912922627)"
3452.190747,2020-06-22 10:05:59,"(31.657084116962665, 5.903392521042566)"
4329.923119,2020-06-25 10:15:59,"(31.659587913706, 5.904313810916312)"
2804.055896,2020-06-30 10:20:31,"(31.65891982510118, 5.901973765322399)"
1634.202347,2020-07-02 10:05:59,"(31.658473034476742, 5.905754979129241)"
5179.677094,2020-07-05 10:15:59,"(31.658165398258834, 5.903426170817574)"
1591.076741,2020-07-07 10:10:31,"(31.67003415486076, 5.889035002849089)"
4692.581406,2020-07-07 10:10:31,"(31.654476773046333, 5.89909477310325)"
4799.210312,2020-07-10 10:20:31,"(31.6578912631535, 5.89962254795561)"
835.837575,2020-07-17 10:10:31,"(31.65912880215749, 5.90071521846285)"
9404.34168,2020-07-20 10:20:31,"(31.658672449284886, 5.904917830765321)"
3920.93926,2020-07-22 10:05:59,"(31.660166934202575, 5.902645090181612)"
5336.605071,2020-07-25 10:15:59,"(31.658497035517485, 5.904701529284357)"
906.55495,2020-07-27 10:10:31,"(31.671300438262033, 5.8888633649366176)"
4042.489012,2020-07-27 10:10:31,"(31.659013673899054, 5.905771818381491)"
8468.838472,2020-07-30 10:20:31,"(31.658852662560122, 5.90492344222702)"
4487.699441,2020-08-01 10:05:59,"(31.6584874361427, 5.905122909373176)"
1720.019256,2020-08-06 10:10:31,"(31.669692820921004, 5.888180963040348)"
4616.740709,2020-08-06 10:10:31,"(31.658336016645727, 5.903853159170214)"
1221.735962,2020-08-09 10:20:31,"(31.670428002982995, 5.8875711291253845)"
5041.47656,2020-08-09 10:20:31,"(31.658672449284886, 5.904917830765321)"
1311.867806,2020-08-16 10:10:31,"(31.67003415486076, 5.889035002849089)"
894.6803291,2020-08-21 10:05:59,"(31.671096344031024, 5.889911388867523)"
1633.231543,2020-08-26 10:10:31,"(31.67202607503149, 5.888674974535782)"
2222.841185,2020-09-08 10:20:31,"(31.671073566817384, 5.882951987108944)"
1296.524869,2020-09-13 10:16:29,"(31.667904982367762, 5.887493006820922)"
1246.81386,2020-09-18 10:20:31,"(31.67039936075753, 5.888835449562481)"
891.1719607,2020-09-20 10:06:49,"(31.670214370352156, 5.889040586129661)"
1381.611108,2020-09-30 10:07:29,"(31.672922377393434, 5.888913615761873)"
4918.375949,2020-11-17 10:23:21,"(31.6481884185826, 5.898056157070215)"
7081.655648,2021-03-24 10:10:21,"(31.637598793494284, 5.8958302864690175)"
6213.753883,2019-10-24 10:21:11,"(31.89698557000347, 6.146593786360402)"
11798.31084,2020-01-04 10:13:19,"(31.86532624119129, 6.174407517399055)"
47712.72358,2020-01-07 10:23:19,"(31.86367138355918, 6.172978847365893)"
1606.390457,2020-02-28 10:10:21,"(31.84314856373569, 6.1423381610595165)"
9279.425463,2020-08-09 10:20:31,"(31.88791737192349, 6.136305351236812)"
23520.68256,2017-12-10 10:14:11,"(31.801266179497897, 6.246681133311835)"
382.9684837,2018-12-03 10:23:59,"(31.758882777164818, 6.26334643335981)"
1230.802618,2019-03-18 10:20:21,"(31.769534870614333, 6.263877105073569)"
1113.706133,2019-06-26 10:20:31,"(31.776394163761154, 6.214273137542675)"
1865.523595,2019-07-01 10:20:29,"(31.777623426745453, 6.212758423370679)"
1673.661782,2019-07-03 10:10:31,"(31.773621428607168, 6.211189639909935)"
664.0978877,2019-07-06 10:20:31,"(31.767225573251455, 6.21560357731838)"
943.3878949,2019-07-08 10:10:39,"(31.773621428607168, 6.211189639909935)"
1484.049868,2019-07-13 10:10:31,"(31.77509560824084, 6.212623173590157)"
1531.890773,2019-12-15 10:13:29,"(31.775317409572885, 6.214516549756017)"
30964.14796,2019-03-07 10:00:29,"(29.90620490177871, 9.206032088889353)"
9151.94397,2019-02-25 17:33:11,"(32.06633037514074, -103.53239402029553)"
13792.20139,2018-12-02 17:37:09,"(32.26501170140965, -101.98210832079943)"
3331.248347,2018-12-04 17:27:01,"(32.265356841757246, -101.98146020843471)"
9601.810233,2018-12-15 10:14:21,"(31.93047538229499, 6.079428933241012)"
5692.59089,2020-12-09 17:47:31,"(40.95327444969411, -104.79669899316305)"
1888.045104,2018-05-12 10:20:31,"(31.81454962339474, 6.161805411831714)"
1070.365617,2019-07-03 10:10:31,"(31.755042172877783, 6.170167089815015)"
198.6298809,2019-07-26 10:20:31,"(31.758253343835896, 6.1685918078631214)"
389.4656416,2019-07-28 10:10:29,"(31.753392035676523, 6.168950960577064)"
387.8488023,2019-07-31 10:20:29,"(31.756521450537274, 6.171810597780915)"
328.4896921,2019-08-17 10:10:29,"(31.754686416212948, 6.170388985422643)"
282.7202149,2019-08-20 10:20:29,"(31.757214218519994, 6.170523095753661)"
869.3616155,2019-08-22 10:10:31,"(31.757712677542763, 6.168608280120152)"
1534.691738,2019-09-04 10:20:21,"(31.75772205958494, 6.169030136404206)"
2261.194547,2019-09-09 10:20:29,"(31.758419489850393, 6.167953528062677)"
1143.505819,2019-09-11 10:10:21,"(31.75771736873814, 6.168819208237592)"
688.2008331,2019-09-16 10:10:29,"(31.757352233317576, 6.168619261378944)"
444.2819954,2019-09-19 10:20:19,"(31.75704805883258, 6.171161363525573)"
3203.374366,2019-09-21 10:10:31,"(31.76133588379788, 6.169342202096382)"
655.1218578,2019-09-24 10:20:21,"(31.756336541841318, 6.171605156431484)"
248.7146711,2019-09-29 10:20:29,"(31.75901644241803, 6.170468224678341)"
331.6245235,2019-10-01 10:10:31,"(31.754871326562384, 6.170594420804524)"
538.9383703,2019-10-04 10:20:31,"(31.75582866833806, 6.173098081221823)"
139.8579735,2019-10-06 10:10:29,"(31.7590211307055, 6.170679156092257)"
316.0924364,2019-10-11 10:10:31,"(31.756778719955044, 6.16715925172264)"
467.4270701,2019-10-14 10:20:31,"(31.754691104062427, 6.17059990700291)"
8114.811948,2019-10-16 10:10:29,"(31.787750107458645, 6.124831526272556)"
194.6934932,2019-10-19 10:20:29,"(31.752458085160715, 6.167501992379888)"
1310.013463,2019-10-24 10:21:11,"(31.755074983403166, 6.171643547271832)"
1882.480093,2019-10-26 10:10:29,"(31.753115957670904, 6.172758462395248)"
2212.796969,2019-10-29 10:20:39,"(31.754871326562384, 6.170594420804524)"
777.5267961,2019-10-31 10:11:41,"(31.758194981235068, 6.174081466891425)"
1805.424854,2019-11-18 10:22:19,"(31.76597265883571, 6.175111461134271)"
1506.644576,2019-11-20 10:13:21,"(31.75736161522857, 6.1690411160322025)"
7209.318852,2019-11-30 10:14:01,"(31.755987390349176, 6.164017368821544)"
1740.474452,2019-12-05 10:13:09,"(31.755811867443885, 6.1642337909594485)"
5423.473547,2019-12-20 10:14:31,"(31.75691937246658, 6.1734870451489785)"
3281.905249,2019-12-23 10:24:31,"(31.752149236784117, 6.1698330454212895)"
1188.28122,2020-01-02 10:24:21,"(31.756156319225155, 6.171610640984618)"
1466.307664,2020-01-07 10:23:19,"(31.751317211815433, 6.156772903464902)"
2058.748943,2020-01-14 10:12:59,"(31.754465694125894, 6.160475726646074)"
1581.301812,2020-01-17 10:22:49,"(31.754463987704774, 6.168496183637745)"
19143.99356,2020-03-24 10:06:49,"(31.80590956825505, 6.154467322044971)"